p1s1,作为信息社会的支柱产业，XXX是一款由Kyocera(京瓷)公司推出的YYY。,Kyocera(京瓷)公司开发了一款面向工业应用的Thin Film Transistor(薄膜场效应晶体管)，型号为XXX，主要应用于YYY。,日本Kyocera(京瓷)公司推出了主要针对工业化集成应用的YYY，型号为XXX。,为了适应工业自动化的需求，Kyocera(京瓷)公司推出了一款应用于YYY的型号为XXX的TTF。,作为一款YYY，XXX是由日本Kyocera(京瓷)公司推出的高性能的Thin Film Transistor(薄膜场效应晶体管)。,XXX是一款针对于YYY应用的薄膜场效应晶体管，由日本Kyocera(京瓷)公司研发并已投入工业化应用。
p1s1,LCD液晶显示屏,车载显示屏,单色字符型液晶显示屏,单色图像点阵液晶显示屏,,
p1s2,该款液晶显示器制造技术的自动化程度高，大规模工业化生产特性好。,易于集成化和更新换代，是大规模半导体集成电路技术和光源技术的完美结合，发展潜力巨大。,无辐射、无闪烁，即使长时间观看LCD显示器屏幕也不会对眼睛造成很大伤害。同时使用寿命长，排除了频繁更换维修的烦恼。,低驱动电压，固体化使用提高了系统的安全性和可靠性。具有高响应度、高亮度、高对比度等优点。,平板化设计，小巧轻薄，节省了大量原材料和使用空间，适用于高密度集成电路。,规格型号、尺寸系列化，品种多样，使用方便灵活，同时便于维修、更新与升级。
p1s3,此外，由于采用低压直流供电电压，使用上非常安全。无论老人或者小孩都可以安全使用而不会引起安全隐患。,采用低压直流供电电压，安全系数较高，低功耗特性又进一步降低了电器件自燃的安全隐患。,低压直流供电，发热量小，保证了工业系统的安全系数，避免了高压漏电的隐患。,,,
p2s1,作为一款YYY寸显示屏，XXX具有ZZZ的分辨率，,XXX是一款YYY寸的液晶显示屏，分辨率为ZZZ，,XXX设计分辨率为ZZZ，是一款YYY寸的液晶显示屏，,XXX是一款设计分辨率为ZZZ的YYY寸液晶显示屏，,XXX的分辨率为ZZZ，是一款面向工业化应用的YYY寸液晶显示屏模块，,
p2s2,是一款半透液晶屏，屏幕背面带有镜面反光膜，亮度自动适应环境光照，兼具反射型液晶屏在强环境光下的阅读能力与全透型液晶屏在弱光和无光下的出色阅读性能。,是一款全透液晶屏，屏幕背面没有反光镜，靠背光提供光源，因而在弱光、无光条件下表现良好。,,,,
p2s3,采用XXX背光，,,,,,
p2s4,画面稳定不闪烁，显示效果好，能够增进图像显示的色彩表现。,无汞环保，符合欧盟成员国销售标准，是一款绿色液晶显示器。,内部驱动电压远低于CCFL，功耗和安全性均好于CCFL，电池续航时间更长。,亮度高，色域广。同时节能省电，是一款优异的绿色环保产品。,纤薄轻巧，同时避免了传统CRT显示器图像几何失真，线性失真等无法根本消除的现象。,
p2s5,使用寿命长，即使每天24小时不停工作，其寿命都差不多将近10年，是传统显示屏的好几倍。,具有更低的功耗和更长的使用寿命。哪怕24小时不间断使用，都有着将近10年的使用寿命。,使用寿命长（将近10年），因而工业产品开发时无须考虑使用过程中显示设备频繁更换的问题。,,,
p3s1,该款液晶屏采用XXX接口，亮度为YYY坎德拉，具有ZZZ的对比度。,采用XXX接口，此款产品的亮度为YYY坎德拉，对比度为ZZZ。,此显示屏的接口设计为XXX，同时具有ZZZ的对比度，能够提供YYY坎德拉的亮度。,该款显示模块能够提供YYY坎德拉的亮度，具有ZZZ的对比度，接口设计为XXX。,它采用XXX接口，能够提供YYY坎德拉的亮度，具有ZZZ的对比度。,该款显示器具有YYY坎德拉的亮度，对比度为ZZZ，采用XXX接口设计。
p3s1,LVDS接口具有低功耗、低误码率、低串扰和低辐射等特点，同时信号完整性、低抖动及共模特性上都有很好的表现。,CMOS设计具有输入阻抗较高，输出阻抗较低的特性，同时集成度高、功耗小、速度快、成本低，便于工业化安装与维护。,该接口设计不必在液晶显示器的驱动板端和液晶面板端使用专用的接口电路，而是将RGB信号直接送给TFT-LCD。,,,
p3s2,操作温度为XXX度，储存温度为YYY度，应避免在低于此参考温度的低温环境中贮存和使用，以免出现性能不可逆转的晶析现象。,它的操作温度为XXX度，储存温度设计为YYY度，为避免晶析现象，请于此参考温度下使用。,其储存温度为YYY度，操作温度为XXX度，产品设计时应考虑此温度指标，过低的温度可能会带来晶析现象。,操作温度为XXX度，储存温度为YYY度，为避免晶析现象，请尽量不要在低于此参考温度的环境下贮存和使用。,,
p3s3,其大小为XXX，其质量为YYY克，节省了使用空间，适用于高密度集成电路。,此外，该产品的具体尺寸为XXX，同时重量仅为YYY克。,此产品适用于工业化的小型应用，体积参数为XXX，净重YYY克。,它的大小为XXX，质量为YYY克，便于工业化产品的批量生产。,它具有XXX的尺寸与YYY克的质量，适用于工业化的小型应用。,
