•Compact SIP•UL E142422,1
﻿•Compact SIP•UL E142422,2
﻿•Compact SIP•UL E142422,3
﻿•Compact SIP•UL E142422,4
﻿•Compact SIP•UL E142422,5
﻿•Compact SIP,6
﻿•Compact SIP,7
﻿•Compact SIP,8
﻿•Low Height•UL E142422,9
﻿•Low Height•UL E142422,10
﻿•Low Height•UL E142422,11
﻿•Low Height•UL E142422,12
﻿•Low Height•UL E142422,13
﻿•Low Height•UL E142422,14
﻿•Compact SIP•UL E142422,15
﻿•Compact SIP•UL E142422,16
﻿•Compact SIP•UL E142422,17
﻿•Compact SIP•UL E142422,18
﻿•Compact SIP•UL E142422,19
﻿•Compact SIP•Low Noise•Low VF•UL E142422,20
﻿•Compact SIP•UL E142422,21
﻿•Compact SIP•UL E142422,22
﻿•Compact SIP•UL E142422,23
﻿•Low Height•UL E142422,24
﻿•Low Height•UL E142422,25
﻿•Low Height•UL E142422,26
﻿•Low Height•UL E142422,27
﻿•Compact SIP•UL E142422,28
﻿•Compact SIP•UL E142422,29
﻿•Compact SIP•UL E142422,30
﻿•Compact SIP•UL E142422,31
﻿•Compact SIP•UL E142422,32
﻿•Compact SIP•Low Noise•Low VF•UL E142422,33
﻿•Compact SIP•UL E142422,34
﻿•Compact SIP•UL E142422,35
﻿•Compact SIP•UL E142422,36
﻿•Compact SIP•UL E142422,37
﻿•Compact SIP•Low Noise•Low VF,38
﻿•Compact SIP•Low Noise•Low VF•UL E142422,39
﻿•Compact SIP•Low Noise•Low VF•UL E142422,40
﻿•Compact SIP•UL E142422,41
﻿•Compact SIP•UL E142422,42
﻿•Compact SIP•UL E142422,43
﻿•Compact SIP•UL E142422,44
﻿•Compact SIP•UL E142422,45
﻿•Compact SIP•Low Noise•Low VF,46
﻿•Compact SIP•Low Noise•Low VF•UL E142422,47
﻿•Compact SIP•UL E142422,48
﻿•Small SMD (There is also DIP)•High Reliability,49
﻿•Small SMD (There is also DIP)•High Reliability,50
﻿•SMD,51
﻿•Small SMD (There is also DIP),52
﻿•Small SMD (There is also DIP),53
﻿•Small SMD (There is also DIP)•High IFSM•Pin-distance 3.4mm for isolation,54
﻿•Small SMD (There is also DIP)•High IFSM•Pin-distance 3.4mm for isolation,55
﻿•Small SMD (There is also DIP)•High IFSM•Pin-distance 3.4mm for isolation,56
﻿•Small SMD (There is also DIP)•High Reliability,57
﻿•Small SMD (There is also DIP)•High Reliability,58
﻿•Small SMD (There is also DIP)•High IFSM•High Reliability,59
﻿•Small SMD (There is also DIP)•Low Noise,60
﻿•Small DIP (There is also SMD)•High Reliability,61
﻿•Small DIP (There is also SMD)•High Reliability,62
﻿•Small DIP (There is also SMD),63
﻿•Small DIP (There is also SMD),64
﻿•Small DIP (There is also SMD)•High IFSM•Pin-distance 3.4mm for isolation,65
﻿•Small DIP (There is also SMD)•High IFSM•Pin-distance 3.4mm for isolation,66
﻿•Small DIP (There is also SMD)•High IFSM•Pin-distance 3.4mm for isolation,67
﻿•Small DIP (There is also SMD)•High Reliability,68
﻿•Small DIP (There is also SMD)•High Reliability,69
﻿•Small DIP (There is also SMD)•High IFSM•High Reliability,70
﻿•Small DIP (There is also SMD)•Low Noise,71
﻿,72
﻿•Input/Outout In-line,73
﻿,74
﻿,75
﻿,76
﻿•Input/Outout In-line,77
﻿•Faston Terminal,78
﻿•Input/Outout In-line,79
﻿•Input/Outout In-line,80
﻿•Input/Outout In-line•UL E142422,81
﻿•Faston Terminal,82
﻿•Faston Terminal,83
﻿•Faston Terminal,84
﻿•Faston Terminal•UL E142422,85
﻿•Faston Terminal,86
﻿•Faston Terminal,87
﻿•Faston Terminal,88
﻿•Faston Terminal,89
﻿•Faston Terminal,90
﻿•Faston Terminal,91
﻿•Faston Terminal,92
﻿•Faston Terminal•UL E142422,93
﻿•Lead Terminal,94
﻿•Lead Terminal,95
﻿•Lead Terminal,96
﻿•Lead Terminal,97
﻿•Lead Terminal,98
﻿•Lead Terminal,99
﻿•Lead Terminal,100
﻿•Lead Terminal,101
﻿•Lead Terminal,102
﻿•Compact SIP•UL E142422,103
﻿•Compact SIP•UL E142422,104
﻿•Compact SIP•UL E142422,105
﻿•Compact SIP•UL E142422,106
﻿•Compact SIP•UL E142422,107
﻿•Compact SIP•UL E142422,108
﻿•Faston Terminal•High Voltage,109
﻿•Lead Terminal,110
﻿•Lead Terminal,111
﻿•Small SMD (There is also DIP)•High IFSM•High Reliability,112
﻿•Small DIP (There is also SMD)•High IFSM•High Reliability,113
﻿•Lead Terminal•Large Current•High Voltage,114
﻿•Lead Terminal•Large Current•High Voltage,115
