•Bidirectional symmetry•Wide-ranging pulse generation  direct switching with commercial power•A rich history of application development and proven reliability,1
﻿•Bidirectional symmetry•Wide-ranging pulse generation  direct switching with commercial power•A rich history of application development and proven reliability,2
﻿•Bidirectional symmetry•Wide-ranging pulse generation  direct switching with commercial power•A rich history of application development and proven reliability,3
﻿•Bidirectional symmetry•Wide-ranging pulse generation  direct switching with commercial power•A rich history of application development and proven reliability,4
﻿•Bidirectional symmetry•Wide-ranging pulse generation  direct switching with commercial power•A rich history of application development and proven reliability,5
﻿•Bidirectional symmetry•Wide-ranging pulse generation  direct switching with commercial power•A rich history of application development and proven reliability,6
﻿•Bidirectional symmetry•Wide-ranging pulse generation  direct switching with commercial power•A rich history of application development and proven reliability,7
﻿•Bidirectional symmetry•Wide-ranging pulse generation  direct switching with commercial power•A rich history of application development and proven reliability,8
﻿•Bidirectional symmetry•Wide-ranging pulse generation  direct switching with commercial power•A rich history of application development and proven reliability,9
﻿•Bidirectional symmetry•Wide-ranging pulse generation  direct switching with commercial power•A rich history of application development and proven reliability,10
﻿•Bidirectional symmetry•Wide-ranging pulse generation  direct switching with commercial power•A rich history of application development and proven reliability,11
﻿•Bidirectional symmetry•Wide-ranging pulse generation  direct switching with commercial power•A rich history of application development and proven reliability,12
﻿•Bidirectional symmetry•Wide-ranging pulse generation  direct switching with commercial power•A rich history of application development and proven reliability,13
﻿•Bidirectional symmetry•Wide-ranging pulse generation  direct switching with commercial power•A rich history of application development and proven reliability,14
﻿•Bidirectional symmetry•Wide-ranging pulse generation  direct switching with commercial power•A rich history of application development and proven reliability,15
﻿•Bidirectional symmetry•Wide-ranging pulse generation  direct switching with commercial power•A rich history of application development and proven reliability,16
﻿•Bidirectional symmetry•Wide-ranging pulse generation  direct switching with commercial power•A rich history of application development and proven reliability,17
﻿•Bidirectional symmetry•Wide-ranging pulse generation  direct switching with commercial power•A rich history of application development and proven reliability,18
﻿•Bidirectional symmetry•Wide-ranging pulse generation  direct switching with commercial power•A rich history of application development and proven reliability,19
﻿•Bidirectional symmetry•Wide-ranging pulse generation  direct switching with commercial power•A rich history of application development and proven reliability,20
