D5FY4R5ST,http://www.shindengen.co.jp/product_e/semi/list_detail_NEW.php?category_id=01&sub_id=04&product_id=D5FY4R5ST&id=1,http://www.shindengen.co.jp/product/semi/datasheet/D5FY4R5ST_Datasheet.pdf
D10FY4R5ST,http://www.shindengen.co.jp/product_e/semi/list_detail_NEW.php?category_id=01&sub_id=04&product_id=D10FY4R5ST&id=2,http://www.shindengen.co.jp/product/semi/datasheet/D10FY4R5ST_Datasheet.pdf
D15FY4R5ST,http://www.shindengen.co.jp/product_e/semi/list_detail_NEW.php?category_id=01&sub_id=04&product_id=D15FY4R5ST&id=3,http://www.shindengen.co.jp/product/semi/datasheet/D15FY4R5ST_Datasheet.pdf
D5FY6ST,http://www.shindengen.co.jp/product_e/semi/list_detail_NEW.php?category_id=01&sub_id=04&product_id=D5FY6ST&id=4,http://www.shindengen.co.jp/product/semi/datasheet/D5FY6ST_Datasheet.pdf
D10FY6ST,http://www.shindengen.co.jp/product_e/semi/list_detail_NEW.php?category_id=01&sub_id=04&product_id=D10FY6ST&id=5,http://www.shindengen.co.jp/product/semi/datasheet/D10FY6ST_Datasheet.pdf
D15FY6ST,http://www.shindengen.co.jp/product_e/semi/list_detail_NEW.php?category_id=01&sub_id=04&product_id=D15FY6ST&id=6,http://www.shindengen.co.jp/product/semi/datasheet/D15FY6ST_Datasheet.pdf
D5FY10ST,http://www.shindengen.co.jp/product_e/semi/list_detail_NEW.php?category_id=01&sub_id=04&product_id=D5FY10ST&id=7,http://www.shindengen.co.jp/product/semi/datasheet/D5FY10ST_Datasheet.pdf
D10FY10ST,http://www.shindengen.co.jp/product_e/semi/list_detail_NEW.php?category_id=01&sub_id=04&product_id=D10FY10ST&id=8,http://www.shindengen.co.jp/product/semi/datasheet/D10FY10ST_Datasheet.pdf
D15FY10ST,http://www.shindengen.co.jp/product_e/semi/list_detail_NEW.php?category_id=01&sub_id=04&product_id=D15FY10ST&id=9,http://www.shindengen.co.jp/product/semi/datasheet/D15FY10ST_Datasheet.pdf
D5FY15ST,http://www.shindengen.co.jp/product_e/semi/list_detail_NEW.php?category_id=01&sub_id=04&product_id=D5FY15ST&id=10,http://www.shindengen.co.jp/product/semi/datasheet/D5FY15ST_Datasheet.pdf
D10FY15ST,http://www.shindengen.co.jp/product_e/semi/list_detail_NEW.php?category_id=01&sub_id=04&product_id=D10FY15ST&id=11,http://www.shindengen.co.jp/product/semi/datasheet/D10FY15ST_Datasheet.pdf
D15FY15ST,http://www.shindengen.co.jp/product_e/semi/list_detail_NEW.php?category_id=01&sub_id=04&product_id=D15FY15ST&id=12,http://www.shindengen.co.jp/product/semi/datasheet/D15FY15ST_Datasheet.pdf
D15FR4ST,http://www.shindengen.co.jp/product_e/semi/list_detail_NEW.php?category_id=01&sub_id=04&product_id=D15FR4ST&id=13,http://www.shindengen.co.jp/product/semi/datasheet/D15FR4ST_Datasheet.pdf
D20FR4ST,http://www.shindengen.co.jp/product_e/semi/list_detail_NEW.php?category_id=01&sub_id=04&product_id=D20FR4ST&id=14,http://www.shindengen.co.jp/product/semi/datasheet/D20FR4ST_Datasheet.pdf
D6FEC4ST,http://www.shindengen.co.jp/product_e/semi/list_detail_NEW.php?category_id=01&sub_id=04&product_id=D6FEC4ST&id=15,http://www.shindengen.co.jp/product/semi/datasheet/J532_D6FEC4ST.pdf
D1FT4A,http://www.shindengen.co.jp/product_e/semi/list_detail_NEW.php?category_id=01&sub_id=04&product_id=D1FT4A&id=16,http://www.shindengen.co.jp/product/semi/datasheet/J532_D1FT4A.pdf
D1FT6A,http://www.shindengen.co.jp/product_e/semi/list_detail_NEW.php?category_id=01&sub_id=04&product_id=D1FT6A&id=17,http://www.shindengen.co.jp/product/semi/datasheet/J532_D1FT6A.pdf
D1FT4,http://www.shindengen.co.jp/product_e/semi/list_detail_NEW.php?category_id=01&sub_id=04&product_id=D1FT4&id=18,http://www.shindengen.co.jp/product/semi/datasheet/J532_D1FT4.pdf
D1FT10,http://www.shindengen.co.jp/product_e/semi/list_detail_NEW.php?category_id=01&sub_id=04&product_id=D1FT10&id=19,http://www.shindengen.co.jp/product/semi/datasheet/J532_D1FT10.pdf
D1FT15A,http://www.shindengen.co.jp/product_e/semi/list_detail_NEW.php?category_id=01&sub_id=04&product_id=D1FT15A&id=20,http://www.shindengen.co.jp/product/semi/datasheet/J532_D1FT15A.pdf
S40T15V,http://www.shindengen.co.jp/product_e/semi/list_detail_NEW.php?category_id=01&sub_id=04&product_id=S40T15V&id=21,http://www.shindengen.co.jp/product/semi/datasheet/J533_S40T15V.pdf
D10FDC10ST,http://www.shindengen.co.jp/product_e/semi/list_detail_NEW.php?category_id=01&sub_id=04&product_id=D10FDC10ST&id=22,http://www.shindengen.co.jp/product/semi/datasheet/J532_D10FDC10ST.pdf
D20FDC10ST,http://www.shindengen.co.jp/product_e/semi/list_detail_NEW.php?category_id=01&sub_id=04&product_id=D20FDC10ST&id=23,http://www.shindengen.co.jp/product/semi/datasheet/J532_D20FDC10ST.pdf
D20FDC15ST,http://www.shindengen.co.jp/product_e/semi/list_detail_NEW.php?category_id=01&sub_id=04&product_id=D20FDC15ST&id=24,http://www.shindengen.co.jp/product/semi/datasheet/J532_D20FDC15ST.pdf
D30FDC4S,http://www.shindengen.co.jp/product_e/semi/list_detail_NEW.php?category_id=01&sub_id=04&product_id=D30FDC4S&id=25,http://www.shindengen.co.jp/product/semi/datasheet/J532_D30FDC4S.pdf
D30FDC10ST,http://www.shindengen.co.jp/product_e/semi/list_detail_NEW.php?category_id=01&sub_id=04&product_id=D30FDC10ST&id=26,http://www.shindengen.co.jp/product/semi/datasheet/J532_D30FDC10ST.pdf
D30FDC15ST,http://www.shindengen.co.jp/product_e/semi/list_detail_NEW.php?category_id=01&sub_id=04&product_id=D30FDC15ST&id=27,http://www.shindengen.co.jp/product/semi/datasheet/J532_D30FDC15ST.pdf
D40FDC10ST,http://www.shindengen.co.jp/product_e/semi/list_detail_NEW.php?category_id=01&sub_id=04&product_id=D40FDC10ST&id=28,http://www.shindengen.co.jp/product/semi/datasheet/J532_D40FDC10ST.pdf
D40FDC15ST,http://www.shindengen.co.jp/product_e/semi/list_detail_NEW.php?category_id=01&sub_id=04&product_id=D40FDC15ST&id=29,http://www.shindengen.co.jp/product/semi/datasheet/J532_D40FDC15ST.pdf
D1FT6,http://www.shindengen.co.jp/product_e/semi/list_detail_NEW.php?category_id=01&sub_id=04&product_id=D1FT6&id=31,http://www.shindengen.co.jp/product/semi/datasheet/J532_D1FT6.pdf
DG1M3,http://www.shindengen.co.jp/product_e/semi/list_detail_NEW.php?category_id=01&sub_id=04&product_id=DG1M3&id=32,http://www.shindengen.co.jp/product/semi/datasheet/J532_DG1M3.pdf
DG1H3,http://www.shindengen.co.jp/product_e/semi/list_detail_NEW.php?category_id=01&sub_id=04&product_id=DG1H3&id=33,http://www.shindengen.co.jp/product/semi/datasheet/J532_DG1H3.pdf
DG1S4,http://www.shindengen.co.jp/product_e/semi/list_detail_NEW.php?category_id=01&sub_id=04&product_id=DG1S4&id=34,http://www.shindengen.co.jp/product/semi/datasheet/J532_DG1S4.pdf
DG1S6,http://www.shindengen.co.jp/product_e/semi/list_detail_NEW.php?category_id=01&sub_id=04&product_id=DG1S6&id=35,http://www.shindengen.co.jp/product/semi/datasheet/J532_DG1S6.pdf
DG1J10A,http://www.shindengen.co.jp/product_e/semi/list_detail_NEW.php?category_id=01&sub_id=04&product_id=DG1J10A&id=36,http://www.shindengen.co.jp/product/semi/datasheet/J532_DG1J10A.pdf
DG1N15A,http://www.shindengen.co.jp/product_e/semi/list_detail_NEW.php?category_id=01&sub_id=04&product_id=DG1N15A&id=37,http://www.shindengen.co.jp/product/semi/datasheet/J532_DG1N15A.pdf
DG1M3A,http://www.shindengen.co.jp/product_e/semi/list_detail_NEW.php?category_id=01&sub_id=04&product_id=DG1M3A&id=38,http://www.shindengen.co.jp/product/semi/datasheet/J532_DG1M3A.pdf
DG1H3A,http://www.shindengen.co.jp/product_e/semi/list_detail_NEW.php?category_id=01&sub_id=04&product_id=DG1H3A&id=39,http://www.shindengen.co.jp/product/semi/datasheet/J532_DG1H3A.pdf
DG1S6A,http://www.shindengen.co.jp/product_e/semi/list_detail_NEW.php?category_id=01&sub_id=04&product_id=DG1S6A&id=40,http://www.shindengen.co.jp/product/semi/datasheet/J532_DG1S6A.pdf
M1FS6,http://www.shindengen.co.jp/product_e/semi/list_detail_NEW.php?category_id=01&sub_id=04&product_id=M1FS6&id=41,http://www.shindengen.co.jp/product/semi/datasheet/J532_M1FS6.pdf
M1FP3,http://www.shindengen.co.jp/product_e/semi/list_detail_NEW.php?category_id=01&sub_id=04&product_id=M1FP3&id=42,http://www.shindengen.co.jp/product/semi/datasheet/J532_M1FP3.pdf
M1FS4,http://www.shindengen.co.jp/product_e/semi/list_detail_NEW.php?category_id=01&sub_id=04&product_id=M1FS4&id=43,http://www.shindengen.co.jp/product/semi/datasheet/J532_M1FS4.pdf
M1FH3,http://www.shindengen.co.jp/product_e/semi/list_detail_NEW.php?category_id=01&sub_id=04&product_id=M1FH3&id=44,http://www.shindengen.co.jp/product/semi/datasheet/J532_M1FH3.pdf
M1FJ4,http://www.shindengen.co.jp/product_e/semi/list_detail_NEW.php?category_id=01&sub_id=04&product_id=M1FJ4&id=45,http://www.shindengen.co.jp/product/semi/datasheet/J532_M1FJ4.pdf
M1FM3,http://www.shindengen.co.jp/product_e/semi/list_detail_NEW.php?category_id=01&sub_id=04&product_id=M1FM3&id=46,http://www.shindengen.co.jp/product/semi/datasheet/J532_M1FM3.pdf
D1FJ10,http://www.shindengen.co.jp/product_e/semi/list_detail_NEW.php?category_id=01&sub_id=04&product_id=D1FJ10&id=47,http://www.shindengen.co.jp/product/semi/datasheet/J532_D1FJ10.pdf
D1FS4,http://www.shindengen.co.jp/product_e/semi/list_detail_NEW.php?category_id=01&sub_id=04&product_id=D1FS4&id=48,http://www.shindengen.co.jp/product/semi/datasheet/J532_D1FS4.pdf
D1FS6,http://www.shindengen.co.jp/product_e/semi/list_detail_NEW.php?category_id=01&sub_id=04&product_id=D1FS6&id=49,http://www.shindengen.co.jp/product/semi/datasheet/J532_D1FS6.pdf
D1FS4A,http://www.shindengen.co.jp/product_e/semi/list_detail_NEW.php?category_id=01&sub_id=04&product_id=D1FS4A&id=50,http://www.shindengen.co.jp/product/semi/datasheet/J532_D1FS4A.pdf
D1FP3,http://www.shindengen.co.jp/product_e/semi/list_detail_NEW.php?category_id=01&sub_id=04&product_id=D1FP3&id=51,http://www.shindengen.co.jp/product/semi/datasheet/J532_D1FP3.pdf
D1FJ4,http://www.shindengen.co.jp/product_e/semi/list_detail_NEW.php?category_id=01&sub_id=04&product_id=D1FJ4&id=52,http://www.shindengen.co.jp/product/semi/datasheet/J532_D1FJ4.pdf
D1FJ8,http://www.shindengen.co.jp/product_e/semi/list_detail_NEW.php?category_id=01&sub_id=04&product_id=D1FJ8&id=53,http://www.shindengen.co.jp/product/semi/datasheet/J532_D1FJ8.pdf
D1FS6A,http://www.shindengen.co.jp/product_e/semi/list_detail_NEW.php?category_id=01&sub_id=04&product_id=D1FS6A&id=54,http://www.shindengen.co.jp/product/semi/datasheet/J532_D1FS6A.pdf
D1FH3,http://www.shindengen.co.jp/product_e/semi/list_detail_NEW.php?category_id=01&sub_id=04&product_id=D1FH3&id=55,http://www.shindengen.co.jp/product/semi/datasheet/J532_D1FH3.pdf
D1FJ8A,http://www.shindengen.co.jp/product_e/semi/list_detail_NEW.php?category_id=01&sub_id=04&product_id=D1FJ8A&id=56,http://www.shindengen.co.jp/product/semi/datasheet/J532_D1FJ8A.pdf
D1FT10A,http://www.shindengen.co.jp/product_e/semi/list_detail_NEW.php?category_id=01&sub_id=04&product_id=D1FT10A&id=57,http://www.shindengen.co.jp/product/semi/datasheet/J532_D1FT10A.pdf
D1FM3,http://www.shindengen.co.jp/product_e/semi/list_detail_NEW.php?category_id=01&sub_id=04&product_id=D1FM3&id=58,http://www.shindengen.co.jp/product/semi/datasheet/J532_D1FM3.pdf
D3CE4S,http://www.shindengen.co.jp/product_e/semi/list_detail_NEW.php?category_id=01&sub_id=04&product_id=D3CE4S&id=59,http://www.shindengen.co.jp/product/semi/datasheet/J532_D3CE4S.pdf
D3CE6S,http://www.shindengen.co.jp/product_e/semi/list_detail_NEW.php?category_id=01&sub_id=04&product_id=D3CE6S&id=60,http://www.shindengen.co.jp/product/semi/datasheet/J532_D3CE6S.pdf
D3CE15ST,http://www.shindengen.co.jp/product_e/semi/list_detail_NEW.php?category_id=01&sub_id=04&product_id=D3CE15ST&id=61,http://www.shindengen.co.jp/product/semi/datasheet/J532_D3CE15ST.pdf
M2FH3,http://www.shindengen.co.jp/product_e/semi/list_detail_NEW.php?category_id=01&sub_id=04&product_id=M2FH3&id=62,http://www.shindengen.co.jp/product/semi/datasheet/J532_M2FH3.pdf
M2FM3,http://www.shindengen.co.jp/product_e/semi/list_detail_NEW.php?category_id=01&sub_id=04&product_id=M2FM3&id=63,http://www.shindengen.co.jp/product/semi/datasheet/J532_M2FM3.pdf
D2FS6,http://www.shindengen.co.jp/product_e/semi/list_detail_NEW.php?category_id=01&sub_id=04&product_id=D2FS6&id=64,http://www.shindengen.co.jp/product/semi/datasheet/J532_D2FS6.pdf
D2FS4,http://www.shindengen.co.jp/product_e/semi/list_detail_NEW.php?category_id=01&sub_id=04&product_id=D2FS4&id=65,http://www.shindengen.co.jp/product/semi/datasheet/J532_D2FS4.pdf
D3FS4A,http://www.shindengen.co.jp/product_e/semi/list_detail_NEW.php?category_id=01&sub_id=04&product_id=D3FS4A&id=66,http://www.shindengen.co.jp/product/semi/datasheet/J532_D3FS4A.pdf
D3FP3,http://www.shindengen.co.jp/product_e/semi/list_detail_NEW.php?category_id=01&sub_id=04&product_id=D3FP3&id=67,http://www.shindengen.co.jp/product/semi/datasheet/J532_D3FP3.pdf
D3FS6,http://www.shindengen.co.jp/product_e/semi/list_detail_NEW.php?category_id=01&sub_id=04&product_id=D3FS6&id=68,http://www.shindengen.co.jp/product/semi/datasheet/J532_D3FS6.pdf
D3FJ10,http://www.shindengen.co.jp/product_e/semi/list_detail_NEW.php?category_id=01&sub_id=04&product_id=D3FJ10&id=69,http://www.shindengen.co.jp/product/semi/datasheet/J532_D3FJ10.pdf
DE3S4M,http://www.shindengen.co.jp/product_e/semi/list_detail_NEW.php?category_id=01&sub_id=04&product_id=DE3S4M&id=70,http://www.shindengen.co.jp/product/semi/datasheet/J532_DE3S4M.pdf
DE3S6M,http://www.shindengen.co.jp/product_e/semi/list_detail_NEW.php?category_id=01&sub_id=04&product_id=DE3S6M&id=71,http://www.shindengen.co.jp/product/semi/datasheet/J532_DE3S6M.pdf
DE5S4M,http://www.shindengen.co.jp/product_e/semi/list_detail_NEW.php?category_id=01&sub_id=04&product_id=DE5S4M&id=72,http://www.shindengen.co.jp/product/semi/datasheet/J532_DE5S4M.pdf
DE5S6M,http://www.shindengen.co.jp/product_e/semi/list_detail_NEW.php?category_id=01&sub_id=04&product_id=DE5S6M&id=73,http://www.shindengen.co.jp/product/semi/datasheet/J532_DE5S6M.pdf
DE10P3,http://www.shindengen.co.jp/product_e/semi/list_detail_NEW.php?category_id=01&sub_id=04&product_id=DE10P3&id=74,http://www.shindengen.co.jp/product/semi/datasheet/J532_DE10P3.pdf
DE10S3L,http://www.shindengen.co.jp/product_e/semi/list_detail_NEW.php?category_id=01&sub_id=04&product_id=DE10S3L&id=75,http://www.shindengen.co.jp/product/semi/datasheet/J532_DE10S3L.pdf
SG5S4M,http://www.shindengen.co.jp/product_e/semi/list_detail_NEW.php?category_id=01&sub_id=04&product_id=SG5S4M&id=76,http://www.shindengen.co.jp/product/semi/datasheet/J533_SG5S4M.pdf
SG5S6M,http://www.shindengen.co.jp/product_e/semi/list_detail_NEW.php?category_id=01&sub_id=04&product_id=SG5S6M&id=77,http://www.shindengen.co.jp/product/semi/datasheet/J533_SG5S6M.pdf
SG5S9M,http://www.shindengen.co.jp/product_e/semi/list_detail_NEW.php?category_id=01&sub_id=04&product_id=SG5S9M&id=78,http://www.shindengen.co.jp/product/semi/datasheet/J533_SG5S9M.pdf
S90T15V,http://www.shindengen.co.jp/product_e/semi/list_detail_NEW.php?category_id=01&sub_id=04&product_id=S90T15V&id=79,http://www.shindengen.co.jp/product/semi/datasheet/J533_S90T15V.pdf
D1NS4,http://www.shindengen.co.jp/product_e/semi/list_detail_NEW.php?category_id=01&sub_id=04&product_id=D1NS4&id=80,http://www.shindengen.co.jp/product/semi/datasheet/J533_D1NS4.pdf
D1NS6,http://www.shindengen.co.jp/product_e/semi/list_detail_NEW.php?category_id=01&sub_id=04&product_id=D1NS6&id=81,http://www.shindengen.co.jp/product/semi/datasheet/J533_D1NS6.pdf
D2S4M,http://www.shindengen.co.jp/product_e/semi/list_detail_NEW.php?category_id=01&sub_id=04&product_id=D2S4M&id=82,http://www.shindengen.co.jp/product/semi/datasheet/J533_D2S4M.pdf
D2S6M,http://www.shindengen.co.jp/product_e/semi/list_detail_NEW.php?category_id=01&sub_id=04&product_id=D2S6M&id=83,http://www.shindengen.co.jp/product/semi/datasheet/J533_D2S6M.pdf
D3S4M,http://www.shindengen.co.jp/product_e/semi/list_detail_NEW.php?category_id=01&sub_id=04&product_id=D3S4M&id=84,http://www.shindengen.co.jp/product/semi/datasheet/J533_D3S4M.pdf
D3S6M,http://www.shindengen.co.jp/product_e/semi/list_detail_NEW.php?category_id=01&sub_id=04&product_id=D3S6M&id=85,http://www.shindengen.co.jp/product/semi/datasheet/J533_D3S6M.pdf
DE5PC3,http://www.shindengen.co.jp/product_e/semi/list_detail_NEW.php?category_id=01&sub_id=04&product_id=DE5PC3&id=86,http://www.shindengen.co.jp/product/semi/datasheet/J532_DE5PC3.pdf
DE5SC3ML,http://www.shindengen.co.jp/product_e/semi/list_detail_NEW.php?category_id=01&sub_id=04&product_id=DE5SC3ML&id=87,http://www.shindengen.co.jp/product/semi/datasheet/J532_DE5SC3ML.pdf
DE5SC4M,http://www.shindengen.co.jp/product_e/semi/list_detail_NEW.php?category_id=01&sub_id=04&product_id=DE5SC4M&id=88,http://www.shindengen.co.jp/product/semi/datasheet/J532_DE5SC4M.pdf
DE5SC6M,http://www.shindengen.co.jp/product_e/semi/list_detail_NEW.php?category_id=01&sub_id=04&product_id=DE5SC6M&id=89,http://www.shindengen.co.jp/product/semi/datasheet/J532_DE5SC6M.pdf
DE10PC3,http://www.shindengen.co.jp/product_e/semi/list_detail_NEW.php?category_id=01&sub_id=04&product_id=DE10PC3&id=90,http://www.shindengen.co.jp/product/semi/datasheet/J532_DE10PC3.pdf
DE10SC3L,http://www.shindengen.co.jp/product_e/semi/list_detail_NEW.php?category_id=01&sub_id=04&product_id=DE10SC3L&id=91,http://www.shindengen.co.jp/product/semi/datasheet/J532_DE10SC3L.pdf
DE10SC4,http://www.shindengen.co.jp/product_e/semi/list_detail_NEW.php?category_id=01&sub_id=04&product_id=DE10SC4&id=92,http://www.shindengen.co.jp/product/semi/datasheet/J532_DE10SC4.pdf
D6FEC10ST,http://www.shindengen.co.jp/product_e/semi/list_detail_NEW.php?category_id=01&sub_id=04&product_id=D6FEC10ST&id=93,http://www.shindengen.co.jp/product/semi/datasheet/J532_D6FEC10ST.pdf
D6FEC12ST,http://www.shindengen.co.jp/product_e/semi/list_detail_NEW.php?category_id=01&sub_id=04&product_id=D6FEC12ST&id=94,http://www.shindengen.co.jp/product/semi/datasheet/J532_D6FEC12ST.pdf
D6FEC15ST,http://www.shindengen.co.jp/product_e/semi/list_detail_NEW.php?category_id=01&sub_id=04&product_id=D6FEC15ST&id=95,http://www.shindengen.co.jp/product/semi/datasheet/J532_D6FEC15ST.pdf
DF10SC4M,http://www.shindengen.co.jp/product_e/semi/list_detail_NEW.php?category_id=01&sub_id=04&product_id=DF10SC4M&id=96,http://www.shindengen.co.jp/product/semi/datasheet/J532_DF10SC4M.pdf
DF10SC6,http://www.shindengen.co.jp/product_e/semi/list_detail_NEW.php?category_id=01&sub_id=04&product_id=DF10SC6&id=97,http://www.shindengen.co.jp/product/semi/datasheet/J532_DF10SC6.pdf
DF10SC9,http://www.shindengen.co.jp/product_e/semi/list_detail_NEW.php?category_id=01&sub_id=04&product_id=DF10SC9&id=98,http://www.shindengen.co.jp/product/semi/datasheet/J532_DF10SC9.pdf
DF10NC15,http://www.shindengen.co.jp/product_e/semi/list_detail_NEW.php?category_id=01&sub_id=04&product_id=DF10NC15&id=99,http://www.shindengen.co.jp/product/semi/datasheet/J532_DF10NC15.pdf
DF15SC4M,http://www.shindengen.co.jp/product_e/semi/list_detail_NEW.php?category_id=01&sub_id=04&product_id=DF15SC4M&id=100,http://www.shindengen.co.jp/product/semi/datasheet/J532_DF15SC4M.pdf
DF15JC10,http://www.shindengen.co.jp/product_e/semi/list_detail_NEW.php?category_id=01&sub_id=04&product_id=DF15JC10&id=101,http://www.shindengen.co.jp/product/semi/datasheet/J532_DF15JC10.pdf
DF15NC15,http://www.shindengen.co.jp/product_e/semi/list_detail_NEW.php?category_id=01&sub_id=04&product_id=DF15NC15&id=102,http://www.shindengen.co.jp/product/semi/datasheet/J532_DF15NC15.pdf
DF20PC3M,http://www.shindengen.co.jp/product_e/semi/list_detail_NEW.php?category_id=01&sub_id=04&product_id=DF20PC3M&id=103,http://www.shindengen.co.jp/product/semi/datasheet/J532_DF20PC3M.pdf
DF20SC4M,http://www.shindengen.co.jp/product_e/semi/list_detail_NEW.php?category_id=01&sub_id=04&product_id=DF20SC4M&id=104,http://www.shindengen.co.jp/product/semi/datasheet/J532_DF20SC4M.pdf
DF20SC9M,http://www.shindengen.co.jp/product_e/semi/list_detail_NEW.php?category_id=01&sub_id=04&product_id=DF20SC9M&id=105,http://www.shindengen.co.jp/product/semi/datasheet/J532_DF20SC9M.pdf
DF20JC10,http://www.shindengen.co.jp/product_e/semi/list_detail_NEW.php?category_id=01&sub_id=04&product_id=DF20JC10&id=106,http://www.shindengen.co.jp/product/semi/datasheet/J532_DF20JC10.pdf
DF20NC15,http://www.shindengen.co.jp/product_e/semi/list_detail_NEW.php?category_id=01&sub_id=04&product_id=DF20NC15&id=107,http://www.shindengen.co.jp/product/semi/datasheet/J532_DF20NC15.pdf
DF25SC6M,http://www.shindengen.co.jp/product_e/semi/list_detail_NEW.php?category_id=01&sub_id=04&product_id=DF25SC6M&id=108,http://www.shindengen.co.jp/product/semi/datasheet/J532_DF25SC6M.pdf
DF30PC3M,http://www.shindengen.co.jp/product_e/semi/list_detail_NEW.php?category_id=01&sub_id=04&product_id=DF30PC3M&id=109,http://www.shindengen.co.jp/product/semi/datasheet/J532_DF30PC3M.pdf
DF30SC3ML,http://www.shindengen.co.jp/product_e/semi/list_detail_NEW.php?category_id=01&sub_id=04&product_id=DF30SC3ML&id=110,http://www.shindengen.co.jp/product/semi/datasheet/J532_DF30SC3ML.pdf
DF30JC4,http://www.shindengen.co.jp/product_e/semi/list_detail_NEW.php?category_id=01&sub_id=04&product_id=DF30JC4&id=111,http://www.shindengen.co.jp/product/semi/datasheet/J532_DF30JC4.pdf
DF30SC4M,http://www.shindengen.co.jp/product_e/semi/list_detail_NEW.php?category_id=01&sub_id=04&product_id=DF30SC4M&id=112,http://www.shindengen.co.jp/product/semi/datasheet/J532_DF30SC4M.pdf
DF30JC6,http://www.shindengen.co.jp/product_e/semi/list_detail_NEW.php?category_id=01&sub_id=04&product_id=DF30JC6&id=113,http://www.shindengen.co.jp/product/semi/datasheet/J532_DF30JC6.pdf
DF30JC10,http://www.shindengen.co.jp/product_e/semi/list_detail_NEW.php?category_id=01&sub_id=04&product_id=DF30JC10&id=114,http://www.shindengen.co.jp/product/semi/datasheet/J532_DF30JC10.pdf
DF30NC15,http://www.shindengen.co.jp/product_e/semi/list_detail_NEW.php?category_id=01&sub_id=04&product_id=DF30NC15&id=115,http://www.shindengen.co.jp/product/semi/datasheet/J532_DF30NC15.pdf
DF40PC3,http://www.shindengen.co.jp/product_e/semi/list_detail_NEW.php?category_id=01&sub_id=04&product_id=DF40PC3&id=116,http://www.shindengen.co.jp/product/semi/datasheet/J532_DF40PC3.pdf
DF40SC3L,http://www.shindengen.co.jp/product_e/semi/list_detail_NEW.php?category_id=01&sub_id=04&product_id=DF40SC3L&id=117,http://www.shindengen.co.jp/product/semi/datasheet/J532_DF40SC3L.pdf
DF40SC4,http://www.shindengen.co.jp/product_e/semi/list_detail_NEW.php?category_id=01&sub_id=04&product_id=DF40SC4&id=118,http://www.shindengen.co.jp/product/semi/datasheet/J532_DF40SC4.pdf
SG8SC4M,http://www.shindengen.co.jp/product_e/semi/list_detail_NEW.php?category_id=01&sub_id=04&product_id=SG8SC4M&id=119,http://www.shindengen.co.jp/product/semi/datasheet/J533_SG8SC4M.pdf
SG10SC3LM,http://www.shindengen.co.jp/product_e/semi/list_detail_NEW.php?category_id=01&sub_id=04&product_id=SG10SC3LM&id=120,http://www.shindengen.co.jp/product/semi/datasheet/J533_SG10SC3LM.pdf
SG10SC4M,http://www.shindengen.co.jp/product_e/semi/list_detail_NEW.php?category_id=01&sub_id=04&product_id=SG10SC4M&id=121,http://www.shindengen.co.jp/product/semi/datasheet/J533_SG10SC4M.pdf
SG10SC6M,http://www.shindengen.co.jp/product_e/semi/list_detail_NEW.php?category_id=01&sub_id=04&product_id=SG10SC6M&id=122,http://www.shindengen.co.jp/product/semi/datasheet/J533_SG10SC6M.pdf
SG10SC9M,http://www.shindengen.co.jp/product_e/semi/list_detail_NEW.php?category_id=01&sub_id=04&product_id=SG10SC9M&id=123,http://www.shindengen.co.jp/product/semi/datasheet/J533_SG10SC9M.pdf
SG10TC15M,http://www.shindengen.co.jp/product_e/semi/list_detail_NEW.php?category_id=01&sub_id=04&product_id=SG10TC15M&id=124,http://www.shindengen.co.jp/product/semi/datasheet/J533_SG10TC15M.pdf
SG15SC4M,http://www.shindengen.co.jp/product_e/semi/list_detail_NEW.php?category_id=01&sub_id=04&product_id=SG15SC4M&id=125,http://www.shindengen.co.jp/product/semi/datasheet/J533_SG15SC4M.pdf
SG15SC6M,http://www.shindengen.co.jp/product_e/semi/list_detail_NEW.php?category_id=01&sub_id=04&product_id=SG15SC6M&id=126,http://www.shindengen.co.jp/product/semi/datasheet/J533_SG15SC6M.pdf
SG20SC3LM,http://www.shindengen.co.jp/product_e/semi/list_detail_NEW.php?category_id=01&sub_id=04&product_id=SG20SC3LM&id=127,http://www.shindengen.co.jp/product/semi/datasheet/J533_SG20SC3LM.pdf
SG20SC4M,http://www.shindengen.co.jp/product_e/semi/list_detail_NEW.php?category_id=01&sub_id=04&product_id=SG20SC4M&id=128,http://www.shindengen.co.jp/product/semi/datasheet/J533_SG20SC4M.pdf
SG20JC6M,http://www.shindengen.co.jp/product_e/semi/list_detail_NEW.php?category_id=01&sub_id=04&product_id=SG20JC6M&id=129,http://www.shindengen.co.jp/product/semi/datasheet/J533_SG20JC6M.pdf
SG20SC6M,http://www.shindengen.co.jp/product_e/semi/list_detail_NEW.php?category_id=01&sub_id=04&product_id=SG20SC6M&id=130,http://www.shindengen.co.jp/product/semi/datasheet/J533_SG20SC6M.pdf
SG20SC9M,http://www.shindengen.co.jp/product_e/semi/list_detail_NEW.php?category_id=01&sub_id=04&product_id=SG20SC9M&id=131,http://www.shindengen.co.jp/product/semi/datasheet/J533_SG20SC9M.pdf
SG20TC10M,http://www.shindengen.co.jp/product_e/semi/list_detail_NEW.php?category_id=01&sub_id=04&product_id=SG20TC10M&id=132,http://www.shindengen.co.jp/product/semi/datasheet/J533_SG20TC10M.pdf
SG20TC12M,http://www.shindengen.co.jp/product_e/semi/list_detail_NEW.php?category_id=01&sub_id=04&product_id=SG20TC12M&id=133,http://www.shindengen.co.jp/product/semi/datasheet/J533_SG20TC12M.pdf
SG20TC15M,http://www.shindengen.co.jp/product_e/semi/list_detail_NEW.php?category_id=01&sub_id=04&product_id=SG20TC15M&id=134,http://www.shindengen.co.jp/product/semi/datasheet/J533_SG20TC15M.pdf
SG30SC3LM,http://www.shindengen.co.jp/product_e/semi/list_detail_NEW.php?category_id=01&sub_id=04&product_id=SG30SC3LM&id=135,http://www.shindengen.co.jp/product/semi/datasheet/J533_SG30SC3LM.pdf
SG30SC4M,http://www.shindengen.co.jp/product_e/semi/list_detail_NEW.php?category_id=01&sub_id=04&product_id=SG30SC4M&id=136,http://www.shindengen.co.jp/product/semi/datasheet/J533_SG30SC4M.pdf
SG30JC6M,http://www.shindengen.co.jp/product_e/semi/list_detail_NEW.php?category_id=01&sub_id=04&product_id=SG30JC6M&id=137,http://www.shindengen.co.jp/product/semi/datasheet/J533_SG30JC6M.pdf
SG30SC6M,http://www.shindengen.co.jp/product_e/semi/list_detail_NEW.php?category_id=01&sub_id=04&product_id=SG30SC6M&id=138,http://www.shindengen.co.jp/product/semi/datasheet/J533_SG30SC6M.pdf
SG30TC10M,http://www.shindengen.co.jp/product_e/semi/list_detail_NEW.php?category_id=01&sub_id=04&product_id=SG30TC10M&id=139,http://www.shindengen.co.jp/product/semi/datasheet/J533_SG30TC10M.pdf
SG30TC12M,http://www.shindengen.co.jp/product_e/semi/list_detail_NEW.php?category_id=01&sub_id=04&product_id=SG30TC12M&id=140,http://www.shindengen.co.jp/product/semi/datasheet/J533_SG30TC12M.pdf
SG30TC15M,http://www.shindengen.co.jp/product_e/semi/list_detail_NEW.php?category_id=01&sub_id=04&product_id=SG30TC15M&id=141,http://www.shindengen.co.jp/product/semi/datasheet/J533_SG30TC15M.pdf
SG40TC10M,http://www.shindengen.co.jp/product_e/semi/list_detail_NEW.php?category_id=01&sub_id=04&product_id=SG40TC10M&id=142,http://www.shindengen.co.jp/product/semi/datasheet/J533_SG40TC10M.pdf
SG40TC12M,http://www.shindengen.co.jp/product_e/semi/list_detail_NEW.php?category_id=01&sub_id=04&product_id=SG40TC12M&id=144,http://www.shindengen.co.jp/product/semi/datasheet/J533_SG40TC12M.pdf
S20SC9MT,http://www.shindengen.co.jp/product_e/semi/list_detail_NEW.php?category_id=01&sub_id=04&product_id=S20SC9MT&id=145,http://www.shindengen.co.jp/product/semi/datasheet/J533_S20SC9MT.pdf
S30SC4MT,http://www.shindengen.co.jp/product_e/semi/list_detail_NEW.php?category_id=01&sub_id=04&product_id=S30SC4MT&id=146,http://www.shindengen.co.jp/product/semi/datasheet/J533_S30SC4MT.pdf
S30SC6MT,http://www.shindengen.co.jp/product_e/semi/list_detail_NEW.php?category_id=01&sub_id=04&product_id=S30SC6MT&id=147,http://www.shindengen.co.jp/product/semi/datasheet/J533_S30SC6MT.pdf
S30TC15T,http://www.shindengen.co.jp/product_e/semi/list_detail_NEW.php?category_id=01&sub_id=04&product_id=S30TC15T&id=148,http://www.shindengen.co.jp/product/semi/datasheet/J533_S30TC15T.pdf
S40HC1R5T,http://www.shindengen.co.jp/product_e/semi/list_detail_NEW.php?category_id=01&sub_id=04&product_id=S40HC1R5T&id=149,http://www.shindengen.co.jp/product/semi/datasheet/J533_S40HC1R5T.pdf
S60HC1R5T,http://www.shindengen.co.jp/product_e/semi/list_detail_NEW.php?category_id=01&sub_id=04&product_id=S60HC1R5T&id=150,http://www.shindengen.co.jp/product/semi/datasheet/J533_S60HC1R5T.pdf
S60HC3T,http://www.shindengen.co.jp/product_e/semi/list_detail_NEW.php?category_id=01&sub_id=04&product_id=S60HC3T&id=151,http://www.shindengen.co.jp/product/semi/datasheet/J533_S60HC3T.pdf
S60SC3LT,http://www.shindengen.co.jp/product_e/semi/list_detail_NEW.php?category_id=01&sub_id=04&product_id=S60SC3LT&id=152,http://www.shindengen.co.jp/product/semi/datasheet/J533_S60SC3LT.pdf
S60SC4MT,http://www.shindengen.co.jp/product_e/semi/list_detail_NEW.php?category_id=01&sub_id=04&product_id=S60SC4MT&id=153,http://www.shindengen.co.jp/product/semi/datasheet/J533_S60SC4MT.pdf
S60SC6MT,http://www.shindengen.co.jp/product_e/semi/list_detail_NEW.php?category_id=01&sub_id=04&product_id=S60SC6MT&id=154,http://www.shindengen.co.jp/product/semi/datasheet/J533_S60SC6MT.pdf
S60JC10V,http://www.shindengen.co.jp/product_e/semi/list_detail_NEW.php?category_id=01&sub_id=04&product_id=S60JC10V&id=155,http://www.shindengen.co.jp/product/semi/datasheet/J533_S60JC10V.pdf
D25SC6M,http://www.shindengen.co.jp/product_e/semi/list_detail_NEW.php?category_id=01&sub_id=04&product_id=D25SC6M&id=156,http://www.shindengen.co.jp/product/semi/datasheet/J533_D25SC6M.pdf
D30SC4M,http://www.shindengen.co.jp/product_e/semi/list_detail_NEW.php?category_id=01&sub_id=04&product_id=D30SC4M&id=157,http://www.shindengen.co.jp/product/semi/datasheet/J533_D30SC4M.pdf
D25SC6MR,http://www.shindengen.co.jp/product_e/semi/list_detail_NEW.php?category_id=01&sub_id=04&product_id=D25SC6MR&id=158,http://www.shindengen.co.jp/product/semi/datasheet/J533_D25SC6MR.pdf
S1ZAS4,http://www.shindengen.co.jp/product_e/semi/list_detail_NEW.php?category_id=01&sub_id=04&product_id=S1ZAS4&id=159,http://www.shindengen.co.jp/product/semi/datasheet/J532_S1ZAS4.pdf
D120SC4M,http://www.shindengen.co.jp/product_e/semi/list_detail_NEW.php?category_id=01&sub_id=04&product_id=D120SC4M&id=160,http://www.shindengen.co.jp/product/semi/datasheet/J533_D120SC4M.pdf
D120SC6M,http://www.shindengen.co.jp/product_e/semi/list_detail_NEW.php?category_id=01&sub_id=04&product_id=D120SC6M&id=161,http://www.shindengen.co.jp/product/semi/datasheet/J533_D120SC6M.pdf
D180SC4M,http://www.shindengen.co.jp/product_e/semi/list_detail_NEW.php?category_id=01&sub_id=04&product_id=D180SC4M&id=162,http://www.shindengen.co.jp/product/semi/datasheet/J533_D180SC4M.pdf
D180SC6M,http://www.shindengen.co.jp/product_e/semi/list_detail_NEW.php?category_id=01&sub_id=04&product_id=D180SC6M&id=163,http://www.shindengen.co.jp/product/semi/datasheet/J533_D180SC6M.pdf
D240SC4M,http://www.shindengen.co.jp/product_e/semi/list_detail_NEW.php?category_id=01&sub_id=04&product_id=D240SC4M&id=164,http://www.shindengen.co.jp/product/semi/datasheet/J533_D240SC4M.pdf
D240SC6M,http://www.shindengen.co.jp/product_e/semi/list_detail_NEW.php?category_id=01&sub_id=04&product_id=D240SC6M&id=165,http://www.shindengen.co.jp/product/semi/datasheet/J533_D240SC6M.pdf
D360SC4M,http://www.shindengen.co.jp/product_e/semi/list_detail_NEW.php?category_id=01&sub_id=04&product_id=D360SC4M&id=166,http://www.shindengen.co.jp/product/semi/datasheet/J533_D360SC4M.pdf
D360SC6M,http://www.shindengen.co.jp/product_e/semi/list_detail_NEW.php?category_id=01&sub_id=04&product_id=D360SC6M&id=167,http://www.shindengen.co.jp/product/semi/datasheet/J533_D360SC6M.pdf
D4SBS4,http://www.shindengen.co.jp/product_e/semi/list_detail_NEW.php?category_id=01&sub_id=04&product_id=D4SBS4&id=168,http://www.shindengen.co.jp/product/semi/datasheet/J534_D4SBS4.pdf
D4SBS6,http://www.shindengen.co.jp/product_e/semi/list_detail_NEW.php?category_id=01&sub_id=04&product_id=D4SBS6&id=169,http://www.shindengen.co.jp/product/semi/datasheet/J534_D4SBS6.pdf
D4SBN20,http://www.shindengen.co.jp/product_e/semi/list_detail_NEW.php?category_id=01&sub_id=04&product_id=D4SBN20&id=170,http://www.shindengen.co.jp/product/semi/datasheet/J534_D4SBN20.pdf
D10SBS4,http://www.shindengen.co.jp/product_e/semi/list_detail_NEW.php?category_id=01&sub_id=04&product_id=D10SBS4&id=171,http://www.shindengen.co.jp/product/semi/datasheet/J534_D10SBS4.pdf
D15XBS6,http://www.shindengen.co.jp/product_e/semi/list_detail_NEW.php?category_id=01&sub_id=04&product_id=D15XBS6&id=172,http://www.shindengen.co.jp/product/semi/datasheet/J534_D15XBS6.pdf
D6SBN20,http://www.shindengen.co.jp/product_e/semi/list_detail_NEW.php?category_id=01&sub_id=04&product_id=D6SBN20&id=173,http://www.shindengen.co.jp/product/semi/datasheet/J534_D6SBN20.pdf
D15XBN20,http://www.shindengen.co.jp/product_e/semi/list_detail_NEW.php?category_id=01&sub_id=04&product_id=D15XBN20&id=174,http://www.shindengen.co.jp/product/semi/datasheet/J534_D15XBN20.pdf
D20XBS6,http://www.shindengen.co.jp/product_e/semi/list_detail_NEW.php?category_id=01&sub_id=04&product_id=D20XBS6&id=175,http://www.shindengen.co.jp/product/semi/datasheet/J534_D20XBS6.pdf
D30XBN20,http://www.shindengen.co.jp/product_e/semi/list_detail_NEW.php?category_id=01&sub_id=04&product_id=D30XBN20&id=176,http://www.shindengen.co.jp/product/semi/datasheet/J534_D30XBN20.pdf
D20SC9M,http://www.shindengen.co.jp/product_e/semi/list_detail_NEW.php?category_id=01&sub_id=04&product_id=D20SC9M&id=178,http://www.shindengen.co.jp/product/semi/datasheet/J533_D20SC9M.pdf
D5CE4S,http://www.shindengen.co.jp/product_e/semi/list_detail_NEW.php?category_id=01&sub_id=04&product_id=D5CE4S&id=179,http://www.shindengen.co.jp/product/semi/datasheet/D5CE4S Datasheet.pdf
