P32F12SN,http://www.shindengen.co.jp/product_e/semi/list_detail_NEW.php?category_id=03&sub_id=01&product_id=P32F12SN&id=1,http://www.shindengen.co.jp/product/semi/datasheet/MOS_P32F12SN.pdf
P40F10SN,http://www.shindengen.co.jp/product_e/semi/list_detail_NEW.php?category_id=03&sub_id=01&product_id=P40F10SN&id=2,http://www.shindengen.co.jp/product/semi/datasheet/MOS_P40F10SN.pdf
P40F12SN,http://www.shindengen.co.jp/product_e/semi/list_detail_NEW.php?category_id=03&sub_id=01&product_id=P40F12SN&id=3,http://www.shindengen.co.jp/product/semi/datasheet/MOS_P40F12SN.pdf
P50F10SN,http://www.shindengen.co.jp/product_e/semi/list_detail_NEW.php?category_id=03&sub_id=01&product_id=P50F10SN&id=4,http://www.shindengen.co.jp/product/semi/datasheet/MOS_P50F10SN.pdf
P8B30HP2,http://www.shindengen.co.jp/product_e/semi/list_detail_NEW.php?category_id=03&sub_id=01&product_id=P8B30HP2&id=5,http://www.shindengen.co.jp/product/semi/datasheet/MOS_P8B30HP2.pdf
P2R5B52HP2F,http://www.shindengen.co.jp/product_e/semi/list_detail_NEW.php?category_id=03&sub_id=01&product_id=P2R5B52HP2F&id=6,http://www.shindengen.co.jp/product/semi/datasheet/MOS_P2R5B52HP2F.pdf
P2B60HP2F,http://www.shindengen.co.jp/product_e/semi/list_detail_NEW.php?category_id=03&sub_id=01&product_id=P2B60HP2F&id=7,http://www.shindengen.co.jp/product/semi/datasheet/MOS_P2B60HP2F.pdf
P60B6SN,http://www.shindengen.co.jp/product_e/semi/list_detail_NEW.php?category_id=03&sub_id=01&product_id=P60B6SN&id=8,http://www.shindengen.co.jp/product/semi/datasheet/MOS_P60B6SN.pdf
P94FG5R5SL,http://www.shindengen.co.jp/product_e/semi/list_detail_NEW.php?category_id=03&sub_id=01&product_id=P94FG5R5SL&id=9,http://www.shindengen.co.jp/product/semi/datasheet/MOS_P94FG5R5SL.pdf
P80FG7R5EN,http://www.shindengen.co.jp/product_e/semi/list_detail_NEW.php?category_id=03&sub_id=01&product_id=P80FG7R5EN&id=10,http://www.shindengen.co.jp/product/semi/datasheet/MOS_P80FG7R5EN.pdf
P66F7R5SN,http://www.shindengen.co.jp/product_e/semi/list_detail_NEW.php?category_id=03&sub_id=01&product_id=P66F7R5SN&id=11,http://www.shindengen.co.jp/product/semi/datasheet/MOS_P66F7R5SN.pdf
P6FE25VX5K,http://www.shindengen.co.jp/product_e/semi/list_detail_NEW.php?category_id=03&sub_id=01&product_id=P6FE25VX5K&id=12,http://www.shindengen.co.jp/product/semi/datasheet/MOS_P6FE25VX5K.pdf
P5F50HP2F,http://www.shindengen.co.jp/product_e/semi/list_detail_NEW.php?category_id=03&sub_id=01&product_id=P5F50HP2F&id=13,http://www.shindengen.co.jp/product/semi/datasheet/MOS_P5F50HP2F.pdf
P15F60HP2F,http://www.shindengen.co.jp/product_e/semi/list_detail_NEW.php?category_id=03&sub_id=01&product_id=P15F60HP2F&id=14,http://www.shindengen.co.jp/product/semi/datasheet/MOS_P15F60HP2F.pdf
P20B12SN,http://www.shindengen.co.jp/product_e/semi/list_detail_NEW.php?category_id=03&sub_id=01&product_id=P20B12SN&id=15,http://www.shindengen.co.jp/product/semi/datasheet/MOS_P20B12SN.pdf
P26B10SL,http://www.shindengen.co.jp/product_e/semi/list_detail_NEW.php?category_id=03&sub_id=01&product_id=P26B10SL&id=16,http://www.shindengen.co.jp/product/semi/datasheet/MOS_P26B10SL.pdf
P26B10SN,http://www.shindengen.co.jp/product_e/semi/list_detail_NEW.php?category_id=03&sub_id=01&product_id=P26B10SN&id=17,http://www.shindengen.co.jp/product/semi/datasheet/MOS_P26B10SN.pdf
P22F10SN,http://www.shindengen.co.jp/product_e/semi/list_detail_NEW.php?category_id=03&sub_id=01&product_id=P22F10SN&id=21,http://www.shindengen.co.jp/product/semi/datasheet/MOS_P22F10SN.pdf
P86F6SN,http://www.shindengen.co.jp/product_e/semi/list_detail_NEW.php?category_id=03&sub_id=01&product_id=P86F6SN&id=22,http://www.shindengen.co.jp/product/semi/datasheet/MOS_P86F6SN.pdf
P82F7R5SN,http://www.shindengen.co.jp/product_e/semi/list_detail_NEW.php?category_id=03&sub_id=01&product_id=P82F7R5SN&id=30,http://www.shindengen.co.jp/product/semi/datasheet/MOS_P82F7R5SN.pdf
P7FH60HP2,http://www.shindengen.co.jp/product_e/semi/list_detail_NEW.php?category_id=03&sub_id=01&product_id=P7FH60HP2&id=33,http://www.shindengen.co.jp/product/semi/datasheet/MOS_P7FH60HP2.pdf
P15FH60HP2,http://www.shindengen.co.jp/product_e/semi/list_detail_NEW.php?category_id=03&sub_id=01&product_id=P15FH60HP2&id=34,http://www.shindengen.co.jp/product/semi/datasheet/MOS_P15FH60HP2.pdf
P20FH50HP2,http://www.shindengen.co.jp/product_e/semi/list_detail_NEW.php?category_id=03&sub_id=01&product_id=P20FH50HP2&id=35,http://www.shindengen.co.jp/product/semi/datasheet/MOS_P20FH50HP2.pdf
P36FH28HP2,http://www.shindengen.co.jp/product_e/semi/list_detail_NEW.php?category_id=03&sub_id=01&product_id=P36FH28HP2&id=36,http://www.shindengen.co.jp/product/semi/datasheet/MOS_P36FH28HP2.pdf
P13LA10EL,http://www.shindengen.co.jp/product_e/semi/list_detail_NEW.php?category_id=03&sub_id=01&product_id=P13LA10EL&id=37,http://www.shindengen.co.jp/product/semi/datasheet/MOS_P13LA10EL.pdf
P60B4EL,http://www.shindengen.co.jp/product_e/semi/list_detail_NEW.php?category_id=03&sub_id=01&product_id=P60B4EL&id=38,http://www.shindengen.co.jp/product/semi/datasheet/MOS_P60B4EL.pdf
P25B6EB,http://www.shindengen.co.jp/product_e/semi/list_detail_NEW.php?category_id=03&sub_id=01&product_id=P25B6EB&id=39,http://www.shindengen.co.jp/product/semi/datasheet/MOS_P25B6EB.pdf
P60B6EL,http://www.shindengen.co.jp/product_e/semi/list_detail_NEW.php?category_id=03&sub_id=01&product_id=P60B6EL&id=40,http://www.shindengen.co.jp/product/semi/datasheet/MOS_P60B6EL.pdf
P60B6EN,http://www.shindengen.co.jp/product_e/semi/list_detail_NEW.php?category_id=03&sub_id=01&product_id=P60B6EN&id=41,http://www.shindengen.co.jp/product/semi/datasheet/MOS_P60B6EN.pdf
P30B10EL,http://www.shindengen.co.jp/product_e/semi/list_detail_NEW.php?category_id=03&sub_id=01&product_id=P30B10EL&id=42,http://www.shindengen.co.jp/product/semi/datasheet/MOS_P30B10EL.pdf
P90FG5R5SL,http://www.shindengen.co.jp/product_e/semi/list_detail_NEW.php?category_id=03&sub_id=01&product_id=P90FG5R5SL&id=43,http://www.shindengen.co.jp/product/semi/datasheet/MOS_P90FG5R5SL.pdf
P80FG6EAL,http://www.shindengen.co.jp/product_e/semi/list_detail_NEW.php?category_id=03&sub_id=01&product_id=P80FG6EAL&id=44,http://www.shindengen.co.jp/product/semi/datasheet/MOS_P80FG6EAL.pdf
P85FG6EAL,http://www.shindengen.co.jp/product_e/semi/list_detail_NEW.php?category_id=03&sub_id=01&product_id=P85FG6EAL&id=45,http://www.shindengen.co.jp/product/semi/datasheet/MOS_P85FG6EAL.pdf
P32FG15SL,http://www.shindengen.co.jp/product_e/semi/list_detail_NEW.php?category_id=03&sub_id=01&product_id=P32FG15SL&id=46,http://www.shindengen.co.jp/product/semi/datasheet/MOS_P32FG15SL.pdf
P100FH4ENK,http://www.shindengen.co.jp/product_e/semi/list_detail_NEW.php?category_id=03&sub_id=01&product_id=P100FH4ENK&id=47,http://www.shindengen.co.jp/product/semi/datasheet/MOS_P100FH4ENK.pdf
P80FH5ENK,http://www.shindengen.co.jp/product_e/semi/list_detail_NEW.php?category_id=03&sub_id=01&product_id=P80FH5ENK&id=48,http://www.shindengen.co.jp/product/semi/datasheet/MOS_P80FH5ENK.pdf
P70F5EN,http://www.shindengen.co.jp/product_e/semi/list_detail_NEW.php?category_id=03&sub_id=01&product_id=P70F5EN&id=49,http://www.shindengen.co.jp/product/semi/datasheet/MOS_P70F5EN.pdf
P34F6EL,http://www.shindengen.co.jp/product_e/semi/list_detail_NEW.php?category_id=03&sub_id=01&product_id=P34F6EL&id=50,http://www.shindengen.co.jp/product/semi/datasheet/MOS_P34F6EL.pdf
P42F6EN,http://www.shindengen.co.jp/product_e/semi/list_detail_NEW.php?category_id=03&sub_id=01&product_id=P42F6EN&id=51,http://www.shindengen.co.jp/product/semi/datasheet/MOS_P42F6EN.pdf
P55F6EN,http://www.shindengen.co.jp/product_e/semi/list_detail_NEW.php?category_id=03&sub_id=01&product_id=P55F6EN&id=52,http://www.shindengen.co.jp/product/semi/datasheet/MOS_P55F6EN.pdf
P70F7R5EN,http://www.shindengen.co.jp/product_e/semi/list_detail_NEW.php?category_id=03&sub_id=01&product_id=P70F7R5EN&id=53,http://www.shindengen.co.jp/product/semi/datasheet/MOS_P70F7R5EN.pdf
P100FA7R5EN,http://www.shindengen.co.jp/product_e/semi/list_detail_NEW.php?category_id=03&sub_id=01&product_id=P100FA7R5EN&id=54,http://www.shindengen.co.jp/product/semi/datasheet/MOS_P100FA7R5EN.pdf
P3B28HP2,http://www.shindengen.co.jp/product_e/semi/list_detail_NEW.php?category_id=03&sub_id=01&product_id=P3B28HP2&id=55,http://www.shindengen.co.jp/product/semi/datasheet/MOS_P3B28HP2.pdf
P6B28HP2,http://www.shindengen.co.jp/product_e/semi/list_detail_NEW.php?category_id=03&sub_id=01&product_id=P6B28HP2&id=56,http://www.shindengen.co.jp/product/semi/datasheet/MOS_P6B28HP2.pdf
P8B28HP2,http://www.shindengen.co.jp/product_e/semi/list_detail_NEW.php?category_id=03&sub_id=01&product_id=P8B28HP2&id=57,http://www.shindengen.co.jp/product/semi/datasheet/MOS_P8B28HP2.pdf
P1R5B40HP2,http://www.shindengen.co.jp/product_e/semi/list_detail_NEW.php?category_id=03&sub_id=01&product_id=P1R5B40HP2&id=58,http://www.shindengen.co.jp/product/semi/datasheet/MOS_P1R5B40HP2.pdf
P4B40HP2,http://www.shindengen.co.jp/product_e/semi/list_detail_NEW.php?category_id=03&sub_id=01&product_id=P4B40HP2&id=59,http://www.shindengen.co.jp/product/semi/datasheet/MOS_P4B40HP2.pdf
P6B40HP2,http://www.shindengen.co.jp/product_e/semi/list_detail_NEW.php?category_id=03&sub_id=01&product_id=P6B40HP2&id=60,http://www.shindengen.co.jp/product/semi/datasheet/MOS_P6B40HP2.pdf
P9B40HP2,http://www.shindengen.co.jp/product_e/semi/list_detail_NEW.php?category_id=03&sub_id=01&product_id=P9B40HP2&id=61,http://www.shindengen.co.jp/product/semi/datasheet/MOS_P9B40HP2.pdf
P1B52HP2,http://www.shindengen.co.jp/product_e/semi/list_detail_NEW.php?category_id=03&sub_id=01&product_id=P1B52HP2&id=62,http://www.shindengen.co.jp/product/semi/datasheet/MOS_P1B52HP2.pdf
P5B52HP2,http://www.shindengen.co.jp/product_e/semi/list_detail_NEW.php?category_id=03&sub_id=01&product_id=P5B52HP2&id=63,http://www.shindengen.co.jp/product/semi/datasheet/MOS_P5B52HP2.pdf
P6B52HP2,http://www.shindengen.co.jp/product_e/semi/list_detail_NEW.php?category_id=03&sub_id=01&product_id=P6B52HP2&id=64,http://www.shindengen.co.jp/product/semi/datasheet/MOS_P6B52HP2.pdf
P0R5B60HP2,http://www.shindengen.co.jp/product_e/semi/list_detail_NEW.php?category_id=03&sub_id=01&product_id=P0R5B60HP2&id=65,http://www.shindengen.co.jp/product/semi/datasheet/MOS_P0R5B60HP2.pdf
P8F28HP2,http://www.shindengen.co.jp/product_e/semi/list_detail_NEW.php?category_id=03&sub_id=01&product_id=P8F28HP2&id=66,http://www.shindengen.co.jp/product/semi/datasheet/MOS_P8F28HP2.pdf
P13F28HP2,http://www.shindengen.co.jp/product_e/semi/list_detail_NEW.php?category_id=03&sub_id=01&product_id=P13F28HP2&id=67,http://www.shindengen.co.jp/product/semi/datasheet/MOS_P13F28HP2.pdf
P17F28HP2,http://www.shindengen.co.jp/product_e/semi/list_detail_NEW.php?category_id=03&sub_id=01&product_id=P17F28HP2&id=68,http://www.shindengen.co.jp/product/semi/datasheet/MOS_P17F28HP2.pdf
P21F28HP2,http://www.shindengen.co.jp/product_e/semi/list_detail_NEW.php?category_id=03&sub_id=01&product_id=P21F28HP2&id=69,http://www.shindengen.co.jp/product/semi/datasheet/MOS_P21F28HP2.pdf
P26F28HP2,http://www.shindengen.co.jp/product_e/semi/list_detail_NEW.php?category_id=03&sub_id=01&product_id=P26F28HP2&id=70,http://www.shindengen.co.jp/product/semi/datasheet/MOS_P26F28HP2.pdf
P36F28HP2,http://www.shindengen.co.jp/product_e/semi/list_detail_NEW.php?category_id=03&sub_id=01&product_id=P36F28HP2&id=71,http://www.shindengen.co.jp/product/semi/datasheet/MOS_P36F28HP2.pdf
P5F50HP2,http://www.shindengen.co.jp/product_e/semi/list_detail_NEW.php?category_id=03&sub_id=01&product_id=P5F50HP2&id=72,http://www.shindengen.co.jp/product/semi/datasheet/MOS_P5F50HP2.pdf
P6F50HP2,http://www.shindengen.co.jp/product_e/semi/list_detail_NEW.php?category_id=03&sub_id=01&product_id=P6F50HP2&id=73,http://www.shindengen.co.jp/product/semi/datasheet/MOS_P6F50HP2.pdf
P8F50HP2,http://www.shindengen.co.jp/product_e/semi/list_detail_NEW.php?category_id=03&sub_id=01&product_id=P8F50HP2&id=74,http://www.shindengen.co.jp/product/semi/datasheet/MOS_P8F50HP2.pdf
P10F50HP2,http://www.shindengen.co.jp/product_e/semi/list_detail_NEW.php?category_id=03&sub_id=01&product_id=P10F50HP2&id=75,http://www.shindengen.co.jp/product/semi/datasheet/MOS_P10F50HP2.pdf
P13F50HP2,http://www.shindengen.co.jp/product_e/semi/list_detail_NEW.php?category_id=03&sub_id=01&product_id=P13F50HP2&id=76,http://www.shindengen.co.jp/product/semi/datasheet/MOS_P13F50HP2.pdf
P15F50HP2,http://www.shindengen.co.jp/product_e/semi/list_detail_NEW.php?category_id=03&sub_id=01&product_id=P15F50HP2&id=77,http://www.shindengen.co.jp/product/semi/datasheet/MOS_P15F50HP2.pdf
P20F50HP2,http://www.shindengen.co.jp/product_e/semi/list_detail_NEW.php?category_id=03&sub_id=01&product_id=P20F50HP2&id=78,http://www.shindengen.co.jp/product/semi/datasheet/MOS_P20F50HP2.pdf
P3F60HP2,http://www.shindengen.co.jp/product_e/semi/list_detail_NEW.php?category_id=03&sub_id=01&product_id=P3F60HP2&id=79,http://www.shindengen.co.jp/product/semi/datasheet/MOS_P3F60HP2.pdf
P4F60HP2,http://www.shindengen.co.jp/product_e/semi/list_detail_NEW.php?category_id=03&sub_id=01&product_id=P4F60HP2&id=80,http://www.shindengen.co.jp/product/semi/datasheet/MOS_P4F60HP2.pdf
P5F60HP2,http://www.shindengen.co.jp/product_e/semi/list_detail_NEW.php?category_id=03&sub_id=01&product_id=P5F60HP2&id=81,http://www.shindengen.co.jp/product/semi/datasheet/MOS_P5F60HP2.pdf
P7F60HP2,http://www.shindengen.co.jp/product_e/semi/list_detail_NEW.php?category_id=03&sub_id=01&product_id=P7F60HP2&id=82,http://www.shindengen.co.jp/product/semi/datasheet/MOS_P7F60HP2.pdf
P10F60HP2,http://www.shindengen.co.jp/product_e/semi/list_detail_NEW.php?category_id=03&sub_id=01&product_id=P10F60HP2&id=83,http://www.shindengen.co.jp/product/semi/datasheet/MOS_P10F60HP2.pdf
P12F60HP2,http://www.shindengen.co.jp/product_e/semi/list_detail_NEW.php?category_id=03&sub_id=01&product_id=P12F60HP2&id=84,http://www.shindengen.co.jp/product/semi/datasheet/MOS_P12F60HP2.pdf
P15F60HP2,http://www.shindengen.co.jp/product_e/semi/list_detail_NEW.php?category_id=03&sub_id=01&product_id=P15F60HP2&id=85,http://www.shindengen.co.jp/product/semi/datasheet/MOS_P15F60HP2.pdf
F25FH60CP,http://www.shindengen.co.jp/product_e/semi/list_detail_NEW.php?category_id=03&sub_id=01&product_id=F25FH60CP&id=86,http://www.shindengen.co.jp/product/semi/datasheet/MOS_F25FH60CP.pdf
F11F60CPM,http://www.shindengen.co.jp/product_e/semi/list_detail_NEW.php?category_id=03&sub_id=01&product_id=F11F60CPM&id=87,http://www.shindengen.co.jp/product/semi/datasheet/MOS_F11F60CPM.pdf
F16F60CPM,http://www.shindengen.co.jp/product_e/semi/list_detail_NEW.php?category_id=03&sub_id=01&product_id=F16F60CPM&id=88,http://www.shindengen.co.jp/product/semi/datasheet/MOS_F16F60CPM.pdf
F21F60CPM,http://www.shindengen.co.jp/product_e/semi/list_detail_NEW.php?category_id=03&sub_id=01&product_id=F21F60CPM&id=89,http://www.shindengen.co.jp/product/semi/datasheet/MOS_F21F60CPM.pdf
F25F60CPM,http://www.shindengen.co.jp/product_e/semi/list_detail_NEW.php?category_id=03&sub_id=01&product_id=F25F60CPM&id=90,http://www.shindengen.co.jp/product/semi/datasheet/MOS_F25F60CPM.pdf
F31W60CP,http://www.shindengen.co.jp/product_e/semi/list_detail_NEW.php?category_id=03&sub_id=01&product_id=F31W60CP&id=91,http://www.shindengen.co.jp/product/semi/datasheet/MOS_F31W60CP.pdf
F39W60CP,http://www.shindengen.co.jp/product_e/semi/list_detail_NEW.php?category_id=03&sub_id=01&product_id=F39W60CP&id=92,http://www.shindengen.co.jp/product/semi/datasheet/MOS_F39W60CP.pdf
F60W60CP,http://www.shindengen.co.jp/product_e/semi/list_detail_NEW.php?category_id=03&sub_id=01&product_id=F60W60CP&id=93,http://www.shindengen.co.jp/product/semi/datasheet/MOS_F60W60CP.pdf
F20S60C3,http://www.shindengen.co.jp/product_e/semi/list_detail_NEW.php?category_id=03&sub_id=01&product_id=F20S60C3&id=94,http://www.shindengen.co.jp/product/semi/datasheet/MOS_F20S60C3.pdf
F7F60C3M,http://www.shindengen.co.jp/product_e/semi/list_detail_NEW.php?category_id=03&sub_id=01&product_id=F7F60C3M&id=95,http://www.shindengen.co.jp/product/semi/datasheet/MOS_F7F60C3M.pdf
F11F60C3M,http://www.shindengen.co.jp/product_e/semi/list_detail_NEW.php?category_id=03&sub_id=01&product_id=F11F60C3M&id=96,http://www.shindengen.co.jp/product/semi/datasheet/MOS_F11F60C3M.pdf
F15F60C3M,http://www.shindengen.co.jp/product_e/semi/list_detail_NEW.php?category_id=03&sub_id=01&product_id=F15F60C3M&id=97,http://www.shindengen.co.jp/product/semi/datasheet/MOS_F15F60C3M.pdf
F20F60C3M,http://www.shindengen.co.jp/product_e/semi/list_detail_NEW.php?category_id=03&sub_id=01&product_id=F20F60C3M&id=98,http://www.shindengen.co.jp/product/semi/datasheet/MOS_F20F60C3M.pdf
FP11W60C3,http://www.shindengen.co.jp/product_e/semi/list_detail_NEW.php?category_id=03&sub_id=01&product_id=FP11W60C3&id=99,http://www.shindengen.co.jp/product/semi/datasheet/MOS_FP11W60C3.pdf
FP20W60C3,http://www.shindengen.co.jp/product_e/semi/list_detail_NEW.php?category_id=03&sub_id=01&product_id=FP20W60C3&id=100,http://www.shindengen.co.jp/product/semi/datasheet/MOS_FP20W60C3.pdf
F20W60C3,http://www.shindengen.co.jp/product_e/semi/list_detail_NEW.php?category_id=03&sub_id=01&product_id=F20W60C3&id=101,http://www.shindengen.co.jp/product/semi/datasheet/MOS_F20W60C3.pdf
F24W60C3,http://www.shindengen.co.jp/product_e/semi/list_detail_NEW.php?category_id=03&sub_id=01&product_id=F24W60C3&id=102,http://www.shindengen.co.jp/product/semi/datasheet/MOS_F24W60C3.pdf
F35W60C3,http://www.shindengen.co.jp/product_e/semi/list_detail_NEW.php?category_id=03&sub_id=01&product_id=F35W60C3&id=103,http://www.shindengen.co.jp/product/semi/datasheet/MOS_F35W60C3.pdf
F47W60C3,http://www.shindengen.co.jp/product_e/semi/list_detail_NEW.php?category_id=03&sub_id=01&product_id=F47W60C3&id=104,http://www.shindengen.co.jp/product/semi/datasheet/MOS_F47W60C3.pdf
F11F80C3A,http://www.shindengen.co.jp/product_e/semi/list_detail_NEW.php?category_id=03&sub_id=01&product_id=F11F80C3A&id=105,http://www.shindengen.co.jp/product/semi/datasheet/MOS_F11F80C3A.pdf
P2FE60VX5K,http://www.shindengen.co.jp/product_e/semi/list_detail_NEW.php?category_id=03&sub_id=01&product_id=P2FE60VX5K&id=106,http://www.shindengen.co.jp/product/semi/datasheet/MOS_P2FE60VX5K.pdf
P26FE10SLK,http://www.shindengen.co.jp/product_e/semi/list_detail_NEW.php?category_id=03&sub_id=01&product_id=P26FE10SLK&id=107,http://www.shindengen.co.jp/product/semi/datasheet/MOS_P26FE10SLK.pdf
P175FP4SNK,http://www.shindengen.co.jp/product_e/semi/list_detail_NEW.php?category_id=03&sub_id=01&product_id=P175FP4SNK&id=108,http://www.shindengen.co.jp/product/semi/datasheet/MOS_P175FP4SNK.pdf
P180FP4SNK,http://www.shindengen.co.jp/product_e/semi/list_detail_NEW.php?category_id=03&sub_id=01&product_id=P180FP4SNK&id=109,http://www.shindengen.co.jp/product/semi/datasheet/MOS_P180FP4SNK.pdf
P180FP6SNK,http://www.shindengen.co.jp/product_e/semi/list_detail_NEW.php?category_id=03&sub_id=01&product_id=P180FP6SNK&id=110,http://www.shindengen.co.jp/product/semi/datasheet/MOS_P180FP6SNK.pdf
P168FP7R5SNK,http://www.shindengen.co.jp/product_e/semi/list_detail_NEW.php?category_id=03&sub_id=01&product_id=P168FP7R5SNK&id=111,http://www.shindengen.co.jp/product/semi/datasheet/MOS_P168FP7R5SNK.pdf
P126FP10SNK,http://www.shindengen.co.jp/product_e/semi/list_detail_NEW.php?category_id=03&sub_id=01&product_id=P126FP10SNK&id=112,http://www.shindengen.co.jp/product/semi/datasheet/MOS_P126FP10SNK.pdf
P100FP12SNK,http://www.shindengen.co.jp/product_e/semi/list_detail_NEW.php?category_id=03&sub_id=01&product_id=P100FP12SNK&id=113,http://www.shindengen.co.jp/product/semi/datasheet/MOS_P100FP12SNK.pdf
P85W28HP2F,http://www.shindengen.co.jp/product_e/semi/list_detail_NEW.php?category_id=03&sub_id=01&product_id=P85W28HP2F&id=114,http://www.shindengen.co.jp/product/semi/datasheet/MOS_P85W28HP2F.pdf
P10B28HP2,http://www.shindengen.co.jp/product_e/semi/list_detail_NEW.php?category_id=03&sub_id=01&product_id=P10B28HP2&id=115,http://www.shindengen.co.jp/product/semi/datasheet/MOS_P10B28HP2.pdf
P153FP6SNK ★,http://www.shindengen.co.jp/product_e/semi/list_detail_NEW.php?category_id=03&sub_id=01&product_id=P153FP6SNK&id=116,http://www.shindengen.co.jp/product/semi/datasheet/Under Development
P70FP10SNK ★,http://www.shindengen.co.jp/product_e/semi/list_detail_NEW.php?category_id=03&sub_id=01&product_id=P70FP10SNK&id=117,http://www.shindengen.co.jp/product/semi/datasheet/Under Development
P88FP10SNK ★,http://www.shindengen.co.jp/product_e/semi/list_detail_NEW.php?category_id=03&sub_id=01&product_id=P88FP10SNK&id=118,http://www.shindengen.co.jp/product/semi/datasheet/Under Development
P56FP12SNK ★,http://www.shindengen.co.jp/product_e/semi/list_detail_NEW.php?category_id=03&sub_id=01&product_id=P56FP12SNK&id=119,http://www.shindengen.co.jp/product/semi/datasheet/Under Development
P70FP12SNK ★,http://www.shindengen.co.jp/product_e/semi/list_detail_NEW.php?category_id=03&sub_id=01&product_id=P70FP12SNK&id=120,http://www.shindengen.co.jp/product/semi/datasheet/Under Development
P30FE4SLK,http://www.shindengen.co.jp/product_e/semi/list_detail_NEW.php?category_id=03&sub_id=01&product_id=P30FE4SLK&id=121,http://www.shindengen.co.jp/product/semi/datasheet/Under Development
P30FE6SLK,http://www.shindengen.co.jp/product_e/semi/list_detail_NEW.php?category_id=03&sub_id=01&product_id=P30FE6SLK&id=122,http://www.shindengen.co.jp/product/semi/datasheet/Under Development
P30FE7R5SLK,http://www.shindengen.co.jp/product_e/semi/list_detail_NEW.php?category_id=03&sub_id=01&product_id=P30FE7R5SLK&id=123,http://www.shindengen.co.jp/product/semi/datasheet/Under Development
P20FE12SLK,http://www.shindengen.co.jp/product_e/semi/list_detail_NEW.php?category_id=03&sub_id=01&product_id=P20FE12SLK&id=124,http://www.shindengen.co.jp/product/semi/datasheet/Under Development
P4B60HP2F,http://www.shindengen.co.jp/product_e/semi/list_detail_NEW.php?category_id=03&sub_id=01&product_id=P4B60HP2F&id=128,http://www.shindengen.co.jp/product/semi/datasheet/Under Development
P23F40HP2FM,http://www.shindengen.co.jp/product_e/semi/list_detail_NEW.php?category_id=03&sub_id=01&product_id=P23F40HP2FM&id=129,http://www.shindengen.co.jp/product/semi/datasheet/Under Development
P8FE10SBK,http://www.shindengen.co.jp/product_e/semi/list_detail_NEW.php?category_id=03&sub_id=01&product_id=P8FE10SBK&id=131,http://www.shindengen.co.jp/product/semi/datasheet/P40B6SL_Datasheet.pdf
P40B6SL,http://www.shindengen.co.jp/product_e/semi/list_detail_NEW.php?category_id=03&sub_id=01&product_id=P40B6SL&id=132,http://www.shindengen.co.jp/product/semi/datasheet/P16B6SB_Datasheet.pdf
P16B6SB,http://www.shindengen.co.jp/product_e/semi/list_detail_NEW.php?category_id=03&sub_id=01&product_id=P16B6SB&id=133,http://www.shindengen.co.jp/product/semi/datasheet/P8B10SB_Datasheet.pdf
P8B10SB,http://www.shindengen.co.jp/product_e/semi/list_detail_NEW.php?category_id=03&sub_id=01&product_id=P8B10SB&id=134,http://www.shindengen.co.jp/product/semi/datasheet/P20B12SL_DataSheet.pdf
P20B12SL,http://www.shindengen.co.jp/product_e/semi/list_detail_NEW.php?category_id=03&sub_id=01&product_id=P20B12SL&id=135,http://www.shindengen.co.jp/product/semi/datasheet/Under Development
