76.9 (W)  x 63.9 (H)  x 4.9 (D) ,0
76.9 (W)  x 63.9 (H)  x 4.9 (D) ,0
76.9 (W)  x 63.9 (H)  x 4.9 (D) ,0
76.9 (W)  x 63.9 (H)  x 6.3 (D) ,1
105.5 (W)  x 67.2 (H)  x 5.9 (D) ,2
105.5 (W)  x 67.2 (H)  x 5.9 (D) ,2
105.5 (W)  x 67.2 (H)  x 7.7 (D) ,3
105.5 (W)  x 67.2 (H)  x 7.7 (D) ,3
134.5 (W)  x 103.4 (H)  x 8 (D) ,4
134.5 (W)  x 103.4 (H)  x 8 (D) ,4
134.5 (W)  x 103.4 (H)  x 8 (D) ,4
127.2 (W)  x 100.4 (H)  x 5.99 (D) ,5
134.5 (W)  x 103.4 (H)  x 8 (D) ,6
134.5 (W)  x 103.4 (H)  x 8 (D) ,6
144 (W)  x 104.8 (H)  x 14.8 (D) ,7
143.2 (W)  x 103.8 (H)  x 11.6 (D) ,8
143.2 (W)  x 103.8 (H)  x 12.1 (D) ,9
144.0 (W)  x 104.6 (H)  x 13.5 (D) ,10
144.0 (W)  x 104.6 (H)  x 13.5 (D) ,10
144.0 (W)  x 104.6 (H)  x 15.1 (D) ,11
143.2 (W)  x 103.8 (H)  x 11.6 (D) ,12
173 (W)  x 70 (H)  x 6.7 (D) ,13
173 (W)  x 70 (H)  x 6.7 (D) ,13
158.0 (W)  x 120.36 (H)  x 10.75 (D) ,14
158.0 (W)  x 120.36 (H)  x 10.75 (D) ,14
158.0 (W)  x 120.36 (H)  x 10.75 (D) ,14
158.0 (W)  x 120.36 (H)  x 10.5 (D) ,14
27.75 (W)  x 196.9 (H)  x 6.3 (D) ,15
169.8 (W)  x 109.7 (H)  x (10.25) (D) ,16
169.8 (W)  x 109.7 (H)  x 9.2 (D) ,17
165 (W)  x 104.4 (H)  x 8.6 (D) ,18
165 (W)  x 104.4 (H)  x 8.2 (D) ,19
165 (W)  x 104.4 (H)  x 8.2 (D) ,19
165 (W)  x 104.4 (H)  x 10 (D) ,20
165 (W)  x 104.4 (H)  x 8.6 (D) ,21
165 (W)  x 104.4 (H)  x 8.6 (D) ,21
165 (W)  x 104.4 (H)  x 8.6 (D) ,21
165 (W)  x 104.4 (H)  x 8.6 (D) ,21
165 (W)  x 104.4 (H)  x 10.4 (D) ,22
165 (W)  x 104.4 (H)  x 10.4 (D) ,22
165 (W)  x 104.4 (H)  x 8.2 (D) ,23
165 (W)  x 104.4 (H)  x 8.2 (D) ,23
165 (W)  x 10404 (H)  x 8.2 (D) ,24
165 (W)  x 104.4 (H)  x 10 (D) ,25
165 (W)  x 104.4 (H)  x 10 (D) ,25
169.8 (W)  x 109.7 (H)  x 9.7 (D) ,26
169.8 (W)  x 109.7 (H)  x 9.7 (D) ,26
184 (W)  x 139.8 (H)  x 12.7 (D) ,27
173 (W)  x 133 (H)  x 6.4 (D) ,28
173 (W)  x 133 (H)  x 4.4 (D) ,29
199.5 (W)  x 147.4 (H)  x 9 (D) ,30
199.5 (W)  x 147.4 (H)  x 9 (D) ,30
199.5 (W)  x 147.4 (H)  x 9 (D) ,30
199.5 (W)  x 147.4 (H)  x 10.8 (D) ,31
199.5 (W)  x 147.4 (H)  x 10.8 (D) ,31
199.5 (W)  x 147.4 (H)  x 10.8 (D) ,31
199.5 (W)  x 147.4 (H)  x 9 (D) ,32
199.5 (W)  x 147.4 (H)  x 10.8 (D) ,33
199.5 (W)  x 147.4 (H)  x 9 (D) ,34
199.5 (W)  x 147.4 (H)  x 9 (D) ,34
199.5 (W)  x 147.4 (H)  x 10.8 (D) ,35
199.5 (W)  x 149.0 (H)  x 11.5 (D) ,36
199.5 (W)  x 149.0 (H)  x 11.5 (D) ,36
210 (W)  x 134 (H)  x 8.7 (D) ,37
210 (W)  x 134 (H)  x 8.5 (D) ,38
210.7 (W)  x 131.3 (H)  x 14.0 (D) ,39
236  (W)  x 156.8 (H)  x 9.4 (D) ,40
236 (W)  x 156.8 (H)  x 11.2 (D) ,41
230 (W)  x 180.2 (H)  x 10.5 (D) ,42
230 (W)  x 180.2 (H)  x 10.5 (D) ,42
230 (W)  x 180.2 (H)  x 10.5 (D) ,42
240.7 (W)  x 180.2 (H)  x 9 (D) ,43
240.7 (W)  x 180.2 (H)  x 9 (D) ,43
240.7 (W)  x 180.2 (H)  x 9 (D) ,43
240.7 (W)  x 180.2 (H)  x 9 (D) ,43
240.7 (W)  x 180.2 (H)  x 9 (D) ,43
240.7 (W)  x 180.2 (H)  x 10.8 (D) ,44
240.7 (W)  x 180.2 (H)  x 10.8 (D) ,44
240.7 (W)  x 180.2 (H)  x 9 (D) ,45
240.7 (W)  x 180.2 (H)  x 10.8 (D) ,46
240.7 (W)  x 180.2 (H)  x 9.0 (D) ,47
240.7 (W)  x 180.2 (H)  x 9 (D) ,48
240.7 (W)  x 180.2 (H)  x 10.8 (D) ,49
230 (W)  x 180.2 (H)  x 10.8 (D) ,50
230 (W)  x 180.2 (H)  x 10.8 (D) ,50
260.5 (W)  x 203 (H)  x 10.2 (D) ,51
260.5 (W)  x 203.4 (H)  x 10.3 (D) ,52
277.7 (W)  x 182.5 (H)  x 9.8 (D) ,53
265 (W)  x 207.7 (H)  x 9.6 (D) ,54
278.3 (W)  x 207.5 (H)  x 9.5 (D) ,55
278.3 (W)  x 207.5 (H)  x 12 (D) ,56
278.3 (W)  x 207.5 (H)  x 9.5 (D) ,57
278.3 (W)  x 207.5 (H)  x 12 (D) ,58
278.3 (W)  x 207.5 (H)  x 9.5 (D) ,59
278.3 (W)  x 207.5 (H)  x 9.5 (D) ,59
278.3 (W)  x 207.5 (H)  x 12 (D) ,60
260.5 (W)  x 203.3 (H)  x 9.5 (D) ,61
260.5 (W)  x 203.3 (H)  x 10.6 (D) ,62
,63
,63
,63
,63
,63
,63
,63
,63
122.0 (W)  x 44.0 (H)  x 14.6 (D) ,64
122.0 (W)  x 44.0 (H)  x 14.6 (D) ,64
84.0 (W)  x 45.0 (H)  x 15.1 (D) ,65
116.0 (W)  x 37.0 (H)  x 15.7 (D) ,66
116.0 (W)  x 37.0 (H)  x 15.7 (D) ,66
116.0 (W)  x 37.0 (H)  x 15.6 (D) ,67
116.0 (W)  x 37.0 (H)  x 15.6 (D) ,67
116.0 (W)  x 37.0 (H)  x 15.6 (D) ,67
116.0 (W)  x 37.0 (H)  x 15.6 (D) ,67
98.5 (W)  x 61.0 (H)  x 15.6 (D) ,68
98.5 (W)  x 61.0 (H)  x 15.6 (D) ,68
98.5 (W)  x 61.0 (H)  x 15.6 (D) ,68
182 (W)  x 34.5 (H)  x 15.1 (D) ,69
190 (W)  x 54 (H)  x 14.6 (D) ,70
89.7 (W)  x 49.8 (H)  x 6.0 (D) ,71
89.7 (W)  x 49.8 (H)  x 6.0 (D) ,71
89.7 (W)  x 49.8 (H)  x 6.0 (D) ,71
89.7 (W)  x 49.8 (H)  x 6.0 (D) ,71
89.7 (W)  x 49.8 (H)  x 6.0 (D) ,71
89.7 (W)  x 49.8 (H)  x 11.8 (D) ,72
89.7 (W)  x 49.8 (H)  x 6.0 (D) ,73
135.2 (W)  x 51.7 (H)  x 9.8 (D) ,74
135.2 (W)  x 51.7 (H)  x 9.8 (D) ,74
135.2 (W)  x 51.7 (H)  x 9.8 (D) ,74
149.5 (W)  x 51.7 (H)  x 9.8 (D) ,75
143.3 (W)  x 109.0 (H)  x 11.0 (D) ,76
