UD2KB80,http://www.shindengen.co.jp/product_e/semi/list_detail_NEW.php?category_id=01&sub_id=03&product_id=UD2KB80&id=1,http://www.shindengen.co.jp/product/semi/datasheet/J534_UD2KB80.pdf
UD3KB80,http://www.shindengen.co.jp/product_e/semi/list_detail_NEW.php?category_id=01&sub_id=03&product_id=UD3KB80&id=2,http://www.shindengen.co.jp/product/semi/datasheet/J534_UD3KB80.pdf
UD4KB80,http://www.shindengen.co.jp/product_e/semi/list_detail_NEW.php?category_id=01&sub_id=03&product_id=UD4KB80&id=3,http://www.shindengen.co.jp/product/semi/datasheet/J534_UD4KB80.pdf
UD6KBA80,http://www.shindengen.co.jp/product_e/semi/list_detail_NEW.php?category_id=01&sub_id=03&product_id=UD6KBA80&id=4,http://www.shindengen.co.jp/product/semi/datasheet/J534_UD6KBA80.pdf
UD8KBA80,http://www.shindengen.co.jp/product_e/semi/list_detail_NEW.php?category_id=01&sub_id=03&product_id=UD8KBA80&id=5,http://www.shindengen.co.jp/product/semi/datasheet/J534_UD8KBA80.pdf
D2SBA60,http://www.shindengen.co.jp/product_e/semi/list_detail_NEW.php?category_id=01&sub_id=03&product_id=D2SBA60&id=10,http://www.shindengen.co.jp/product/semi/datasheet/J534_D2SBA60.pdf
D2SB60,http://www.shindengen.co.jp/product_e/semi/list_detail_NEW.php?category_id=01&sub_id=03&product_id=D2SB60&id=11,http://www.shindengen.co.jp/product/semi/datasheet/J534_D2SB60.pdf
D2SB60A,http://www.shindengen.co.jp/product_e/semi/list_detail_NEW.php?category_id=01&sub_id=03&product_id=D2SB60A&id=12,http://www.shindengen.co.jp/product/semi/datasheet/J534_D2SB60A.pdf
D6JBB60V,http://www.shindengen.co.jp/product_e/semi/list_detail_NEW.php?category_id=01&sub_id=03&product_id=D6JBB60V&id=13,http://www.shindengen.co.jp/product/semi/datasheet/J534_D6JBB60V.pdf
D6JBB80V,http://www.shindengen.co.jp/product_e/semi/list_detail_NEW.php?category_id=01&sub_id=03&product_id=D6JBB80V&id=14,http://www.shindengen.co.jp/product/semi/datasheet/J534_D6JBB80V.pdf
D8JBB60V,http://www.shindengen.co.jp/product_e/semi/list_detail_NEW.php?category_id=01&sub_id=03&product_id=D8JBB60V&id=15,http://www.shindengen.co.jp/product/semi/datasheet/J534_D8JBB60V.pdf
D8JBB80V,http://www.shindengen.co.jp/product_e/semi/list_detail_NEW.php?category_id=01&sub_id=03&product_id=D8JBB80V&id=16,http://www.shindengen.co.jp/product/semi/datasheet/J534_D8JBB80V.pdf
D10JBB60V,http://www.shindengen.co.jp/product_e/semi/list_detail_NEW.php?category_id=01&sub_id=03&product_id=D10JBB60V&id=17,http://www.shindengen.co.jp/product/semi/datasheet/J534_D10JBB60V.pdf
D10JBB80V,http://www.shindengen.co.jp/product_e/semi/list_detail_NEW.php?category_id=01&sub_id=03&product_id=D10JBB80V&id=18,http://www.shindengen.co.jp/product/semi/datasheet/J534_D10JBB80V.pdf
D3SBA60,http://www.shindengen.co.jp/product_e/semi/list_detail_NEW.php?category_id=01&sub_id=03&product_id=D3SBA60&id=19,http://www.shindengen.co.jp/product/semi/datasheet/J534_D3SBA60.pdf
D3SB60,http://www.shindengen.co.jp/product_e/semi/list_detail_NEW.php?category_id=01&sub_id=03&product_id=D3SB60&id=20,"http://www.shindengen.co.jp/product/semi/datasheet/J534_D3SB60,80.pdf"
D3SB80,http://www.shindengen.co.jp/product_e/semi/list_detail_NEW.php?category_id=01&sub_id=03&product_id=D3SB80&id=21,"http://www.shindengen.co.jp/product/semi/datasheet/J534_D3SB60,80.pdf"
D4SB80,http://www.shindengen.co.jp/product_e/semi/list_detail_NEW.php?category_id=01&sub_id=03&product_id=D4SB80&id=22,http://www.shindengen.co.jp/product/semi/datasheet/J534_D4SB80.pdf
D4SB60L,http://www.shindengen.co.jp/product_e/semi/list_detail_NEW.php?category_id=01&sub_id=03&product_id=D4SB60L&id=23,http://www.shindengen.co.jp/product/semi/datasheet/J534_D4SB60L.pdf
LN4SB60,http://www.shindengen.co.jp/product_e/semi/list_detail_NEW.php?category_id=01&sub_id=03&product_id=LN4SB60&id=24,http://www.shindengen.co.jp/product/semi/datasheet/J534_LN4SB60.pdf
D10XB60,http://www.shindengen.co.jp/product_e/semi/list_detail_NEW.php?category_id=01&sub_id=03&product_id=D10XB60&id=25,"http://www.shindengen.co.jp/product/semi/datasheet/J534_D10XB60,80.pdf"
D10XB80,http://www.shindengen.co.jp/product_e/semi/list_detail_NEW.php?category_id=01&sub_id=03&product_id=D10XB80&id=26,"http://www.shindengen.co.jp/product/semi/datasheet/J534_D10XB60,80.pdf"
D10XB60H,http://www.shindengen.co.jp/product_e/semi/list_detail_NEW.php?category_id=01&sub_id=03&product_id=D10XB60H&id=27,http://www.shindengen.co.jp/product/semi/datasheet/J534_D10XB60H.pdf
D15JAB60V,http://www.shindengen.co.jp/product_e/semi/list_detail_NEW.php?category_id=01&sub_id=03&product_id=D15JAB60V&id=28,http://www.shindengen.co.jp/product/semi/datasheet/J534_D15JAB60V.pdf
D15JAB80V,http://www.shindengen.co.jp/product_e/semi/list_detail_NEW.php?category_id=01&sub_id=03&product_id=D15JAB80V&id=29,http://www.shindengen.co.jp/product/semi/datasheet/J534_D15JAB80V.pdf
D25JAB60V,http://www.shindengen.co.jp/product_e/semi/list_detail_NEW.php?category_id=01&sub_id=03&product_id=D25JAB60V&id=30,http://www.shindengen.co.jp/product/semi/datasheet/J534_D25JAB60V.pdf
D25JAB80V,http://www.shindengen.co.jp/product_e/semi/list_detail_NEW.php?category_id=01&sub_id=03&product_id=D25JAB80V&id=31,http://www.shindengen.co.jp/product/semi/datasheet/J534_D25JAB80V.pdf
D5SBA60,http://www.shindengen.co.jp/product_e/semi/list_detail_NEW.php?category_id=01&sub_id=03&product_id=D5SBA60&id=32,http://www.shindengen.co.jp/product/semi/datasheet/J534_D5SBA60.pdf
D5SB60,http://www.shindengen.co.jp/product_e/semi/list_detail_NEW.php?category_id=01&sub_id=03&product_id=D5SB60&id=33,"http://www.shindengen.co.jp/product/semi/datasheet/J534_D5SB60,80.pdf"
D5SB80,http://www.shindengen.co.jp/product_e/semi/list_detail_NEW.php?category_id=01&sub_id=03&product_id=D5SB80&id=34,"http://www.shindengen.co.jp/product/semi/datasheet/J534_D5SB60,80.pdf"
D6SB80,http://www.shindengen.co.jp/product_e/semi/list_detail_NEW.php?category_id=01&sub_id=03&product_id=D6SB80&id=35,http://www.shindengen.co.jp/product/semi/datasheet/J534_D6SB80.pdf
D6SB60L,http://www.shindengen.co.jp/product_e/semi/list_detail_NEW.php?category_id=01&sub_id=03&product_id=D6SB60L&id=36,http://www.shindengen.co.jp/product/semi/datasheet/J534_D6SB60L.pdf
LN6SB60,http://www.shindengen.co.jp/product_e/semi/list_detail_NEW.php?category_id=01&sub_id=03&product_id=LN6SB60&id=37,http://www.shindengen.co.jp/product/semi/datasheet/J534_LN6SB60.pdf
D15XB60,http://www.shindengen.co.jp/product_e/semi/list_detail_NEW.php?category_id=01&sub_id=03&product_id=D15XB60&id=38,"http://www.shindengen.co.jp/product/semi/datasheet/J534_D15XB60,80.pdf"
D15XB80,http://www.shindengen.co.jp/product_e/semi/list_detail_NEW.php?category_id=01&sub_id=03&product_id=D15XB80&id=39,"http://www.shindengen.co.jp/product/semi/datasheet/J534_D15XB60,80.pdf"
D15XB100,http://www.shindengen.co.jp/product_e/semi/list_detail_NEW.php?category_id=01&sub_id=03&product_id=D15XB100&id=40,http://www.shindengen.co.jp/product/semi/datasheet/J534_D15XB100.pdf
D15XB60H,http://www.shindengen.co.jp/product_e/semi/list_detail_NEW.php?category_id=01&sub_id=03&product_id=D15XB60H&id=41,http://www.shindengen.co.jp/product/semi/datasheet/J534_D15XB60H.pdf
LN15XB60,http://www.shindengen.co.jp/product_e/semi/list_detail_NEW.php?category_id=01&sub_id=03&product_id=LN15XB60&id=42,http://www.shindengen.co.jp/product/semi/datasheet/J534_LN15XB60.pdf
LN15XB60H,http://www.shindengen.co.jp/product_e/semi/list_detail_NEW.php?category_id=01&sub_id=03&product_id=LN15XB60H&id=43,http://www.shindengen.co.jp/product/semi/datasheet/J534_LN15XB60H.pdf
LL15XB60,http://www.shindengen.co.jp/product_e/semi/list_detail_NEW.php?category_id=01&sub_id=03&product_id=LL15XB60&id=44,http://www.shindengen.co.jp/product/semi/datasheet/J534_LL15XB60.pdf
D20XB60,http://www.shindengen.co.jp/product_e/semi/list_detail_NEW.php?category_id=01&sub_id=03&product_id=D20XB60&id=45,"http://www.shindengen.co.jp/product/semi/datasheet/J534_D20XB60,80.pdf"
D20XB80,http://www.shindengen.co.jp/product_e/semi/list_detail_NEW.php?category_id=01&sub_id=03&product_id=D20XB80&id=46,"http://www.shindengen.co.jp/product/semi/datasheet/J534_D20XB60,80.pdf"
D25XB60,http://www.shindengen.co.jp/product_e/semi/list_detail_NEW.php?category_id=01&sub_id=03&product_id=D25XB60&id=47,"http://www.shindengen.co.jp/product/semi/datasheet/J534_D25XB60,80.pdf"
D25XB80,http://www.shindengen.co.jp/product_e/semi/list_detail_NEW.php?category_id=01&sub_id=03&product_id=D25XB80&id=48,"http://www.shindengen.co.jp/product/semi/datasheet/J534_D25XB60,80.pdf"
D25XB100,http://www.shindengen.co.jp/product_e/semi/list_detail_NEW.php?category_id=01&sub_id=03&product_id=D25XB100&id=49,http://www.shindengen.co.jp/product/semi/datasheet/J534_D25XB100.pdf
LN25XB60,http://www.shindengen.co.jp/product_e/semi/list_detail_NEW.php?category_id=01&sub_id=03&product_id=LN25XB60&id=50,http://www.shindengen.co.jp/product/semi/datasheet/J534_LN25XB60.pdf
LL25XB60,http://www.shindengen.co.jp/product_e/semi/list_detail_NEW.php?category_id=01&sub_id=03&product_id=LL25XB60&id=51,http://www.shindengen.co.jp/product/semi/datasheet/J534_LL25XB60.pdf
D50XB80,http://www.shindengen.co.jp/product_e/semi/list_detail_NEW.php?category_id=01&sub_id=03&product_id=D50XB80&id=52,http://www.shindengen.co.jp/product/semi/datasheet/J534_D50XB80.pdf
S1ZB60,http://www.shindengen.co.jp/product_e/semi/list_detail_NEW.php?category_id=01&sub_id=03&product_id=S1ZB60&id=53,"http://www.shindengen.co.jp/product/semi/datasheet/J534_S1ZB60,80.pdf"
S1ZB80,http://www.shindengen.co.jp/product_e/semi/list_detail_NEW.php?category_id=01&sub_id=03&product_id=S1ZB80&id=54,"http://www.shindengen.co.jp/product/semi/datasheet/J534_S1ZB60,80.pdf"
D1UBA80,http://www.shindengen.co.jp/product_e/semi/list_detail_NEW.php?category_id=01&sub_id=03&product_id=D1UBA80&id=55,http://www.shindengen.co.jp/product/semi/datasheet/J534_D1UBA80.pdf
S1NB60,http://www.shindengen.co.jp/product_e/semi/list_detail_NEW.php?category_id=01&sub_id=03&product_id=S1NB60&id=56,"http://www.shindengen.co.jp/product/semi/datasheet/J534_S1NB60,80.pdf"
S1NB80,http://www.shindengen.co.jp/product_e/semi/list_detail_NEW.php?category_id=01&sub_id=03&product_id=S1NB80&id=57,"http://www.shindengen.co.jp/product/semi/datasheet/J534_S1NB60,80.pdf"
S1NBB80,http://www.shindengen.co.jp/product_e/semi/list_detail_NEW.php?category_id=01&sub_id=03&product_id=S1NBB80&id=58,http://www.shindengen.co.jp/product/semi/datasheet/J534_S1NBB80.pdf
S1NBC60,http://www.shindengen.co.jp/product_e/semi/list_detail_NEW.php?category_id=01&sub_id=03&product_id=S1NBC60&id=59,"http://www.shindengen.co.jp/product/semi/datasheet/J534_S1NBC60,80.pdf"
S1NBC80,http://www.shindengen.co.jp/product_e/semi/list_detail_NEW.php?category_id=01&sub_id=03&product_id=S1NBC80&id=60,"http://www.shindengen.co.jp/product/semi/datasheet/J534_S1NBC60,80.pdf"
S1WB(A)60,http://www.shindengen.co.jp/product_e/semi/list_detail_NEW.php?category_id=01&sub_id=03&product_id=S1WB(A)60&id=61,"http://www.shindengen.co.jp/product/semi/datasheet/J534_S1WB(A)60,80,60B.pdf"
S1WB(A)80,http://www.shindengen.co.jp/product_e/semi/list_detail_NEW.php?category_id=01&sub_id=03&product_id=S1WB(A)80&id=62,"http://www.shindengen.co.jp/product/semi/datasheet/J534_S1WB(A)60,80,60B.pdf"
S1WB(A)60B,http://www.shindengen.co.jp/product_e/semi/list_detail_NEW.php?category_id=01&sub_id=03&product_id=S1WB(A)60B&id=63,"http://www.shindengen.co.jp/product/semi/datasheet/J534_S1WB(A)60,80,60B.pdf"
LN1WBA60,http://www.shindengen.co.jp/product_e/semi/list_detail_NEW.php?category_id=01&sub_id=03&product_id=LN1WBA60&id=64,http://www.shindengen.co.jp/product/semi/datasheet/J534_LN1WBA60.pdf
S1ZB60,http://www.shindengen.co.jp/product_e/semi/list_detail_NEW.php?category_id=01&sub_id=03&product_id=S1ZB60&id=66,"http://www.shindengen.co.jp/product/semi/datasheet/J534_S1ZB60,80.pdf"
S1ZB80,http://www.shindengen.co.jp/product_e/semi/list_detail_NEW.php?category_id=01&sub_id=03&product_id=S1ZB80&id=67,"http://www.shindengen.co.jp/product/semi/datasheet/J534_S1ZB60,80.pdf"
S1NB60,http://www.shindengen.co.jp/product_e/semi/list_detail_NEW.php?category_id=01&sub_id=03&product_id=S1NB60&id=68,"http://www.shindengen.co.jp/product/semi/datasheet/J534_S1NB60,80.pdf"
S1NB80,http://www.shindengen.co.jp/product_e/semi/list_detail_NEW.php?category_id=01&sub_id=03&product_id=S1NB80&id=69,"http://www.shindengen.co.jp/product/semi/datasheet/J534_S1NB60,80.pdf"
S1NBB80,http://www.shindengen.co.jp/product_e/semi/list_detail_NEW.php?category_id=01&sub_id=03&product_id=S1NBB80&id=70,http://www.shindengen.co.jp/product/semi/datasheet/J534_S1NBB80.pdf
S1NBC60,http://www.shindengen.co.jp/product_e/semi/list_detail_NEW.php?category_id=01&sub_id=03&product_id=S1NBC60&id=71,"http://www.shindengen.co.jp/product/semi/datasheet/J534_S1NBC60,80.pdf"
S1NBC80,http://www.shindengen.co.jp/product_e/semi/list_detail_NEW.php?category_id=01&sub_id=03&product_id=S1NBC80&id=72,"http://www.shindengen.co.jp/product/semi/datasheet/J534_S1NBC60,80.pdf"
S1WB(A)60,http://www.shindengen.co.jp/product_e/semi/list_detail_NEW.php?category_id=01&sub_id=03&product_id=S1WB(A)60&id=73,"http://www.shindengen.co.jp/product/semi/datasheet/J534_S1WB(A)60,80,60B.pdf"
S1WB(A)80,http://www.shindengen.co.jp/product_e/semi/list_detail_NEW.php?category_id=01&sub_id=03&product_id=S1WB(A)80&id=74,"http://www.shindengen.co.jp/product/semi/datasheet/J534_S1WB(A)60,80,60B.pdf"
S1WB(A)60B,http://www.shindengen.co.jp/product_e/semi/list_detail_NEW.php?category_id=01&sub_id=03&product_id=S1WB(A)60B&id=75,"http://www.shindengen.co.jp/product/semi/datasheet/J534_S1WB(A)60,80,60B.pdf"
LN1WBA60,http://www.shindengen.co.jp/product_e/semi/list_detail_NEW.php?category_id=01&sub_id=03&product_id=LN1WBA60&id=76,http://www.shindengen.co.jp/product/semi/datasheet/J534_LN1WBA60.pdf
S2VB60,http://www.shindengen.co.jp/product_e/semi/list_detail_NEW.php?category_id=01&sub_id=03&product_id=S2VB60&id=77,http://www.shindengen.co.jp/product/semi/datasheet/J534_S2VB60.pdf
S3WB60,http://www.shindengen.co.jp/product_e/semi/list_detail_NEW.php?category_id=01&sub_id=03&product_id=S3WB60&id=78,http://www.shindengen.co.jp/product/semi/datasheet/J534_S3WB60.pdf
S4VB60,http://www.shindengen.co.jp/product_e/semi/list_detail_NEW.php?category_id=01&sub_id=03&product_id=S4VB60&id=79,http://www.shindengen.co.jp/product/semi/datasheet/J534_S4VB60.pdf
S5VB60,http://www.shindengen.co.jp/product_e/semi/list_detail_NEW.php?category_id=01&sub_id=03&product_id=S5VB60&id=80,http://www.shindengen.co.jp/product/semi/datasheet/J534_S5VB60.pdf
S10VB60,http://www.shindengen.co.jp/product_e/semi/list_detail_NEW.php?category_id=01&sub_id=03&product_id=S10VB60&id=81,http://www.shindengen.co.jp/product/semi/datasheet/J534_S10VB60.pdf
S10WB60,http://www.shindengen.co.jp/product_e/semi/list_detail_NEW.php?category_id=01&sub_id=03&product_id=S10WB60&id=82,http://www.shindengen.co.jp/product/semi/datasheet/J534_S10WB60.pdf
S15VB60,http://www.shindengen.co.jp/product_e/semi/list_detail_NEW.php?category_id=01&sub_id=03&product_id=S15VB60&id=83,http://www.shindengen.co.jp/product/semi/datasheet/J534_S15VB60.pdf
S15WB60,http://www.shindengen.co.jp/product_e/semi/list_detail_NEW.php?category_id=01&sub_id=03&product_id=S15WB60&id=84,http://www.shindengen.co.jp/product/semi/datasheet/J534_S15WB60.pdf
S20WB60,http://www.shindengen.co.jp/product_e/semi/list_detail_NEW.php?category_id=01&sub_id=03&product_id=S20WB60&id=85,"http://www.shindengen.co.jp/product/semi/datasheet/J534_S20WB60,80.pdf"
S20WB80,http://www.shindengen.co.jp/product_e/semi/list_detail_NEW.php?category_id=01&sub_id=03&product_id=S20WB80&id=86,"http://www.shindengen.co.jp/product/semi/datasheet/J534_S20WB60,80.pdf"
S25VB60,http://www.shindengen.co.jp/product_e/semi/list_detail_NEW.php?category_id=01&sub_id=03&product_id=S25VB60&id=87,"http://www.shindengen.co.jp/product/semi/datasheet/J534_S25VB60,80.pdf"
S25VB80,http://www.shindengen.co.jp/product_e/semi/list_detail_NEW.php?category_id=01&sub_id=03&product_id=S25VB80&id=88,"http://www.shindengen.co.jp/product/semi/datasheet/J534_S25VB60,80.pdf"
S50VB60,http://www.shindengen.co.jp/product_e/semi/list_detail_NEW.php?category_id=01&sub_id=03&product_id=S50VB60&id=89,"http://www.shindengen.co.jp/product/semi/datasheet/J534_S50VB60,80.pdf"
S50VB80,http://www.shindengen.co.jp/product_e/semi/list_detail_NEW.php?category_id=01&sub_id=03&product_id=S50VB80&id=90,"http://www.shindengen.co.jp/product/semi/datasheet/J534_S50VB60,80.pdf"
S10VT60,http://www.shindengen.co.jp/product_e/semi/list_detail_NEW.php?category_id=01&sub_id=03&product_id=S10VT60&id=91,"http://www.shindengen.co.jp/product/semi/datasheet/J534_S10VT60,80.pdf"
S10VT80,http://www.shindengen.co.jp/product_e/semi/list_detail_NEW.php?category_id=01&sub_id=03&product_id=S10VT80&id=92,"http://www.shindengen.co.jp/product/semi/datasheet/J534_S10VT60,80.pdf"
S15VT60,http://www.shindengen.co.jp/product_e/semi/list_detail_NEW.php?category_id=01&sub_id=03&product_id=S15VT60&id=93,"http://www.shindengen.co.jp/product/semi/datasheet/J534_S15VT60,80.pdf"
S15VT80,http://www.shindengen.co.jp/product_e/semi/list_detail_NEW.php?category_id=01&sub_id=03&product_id=S15VT80&id=94,"http://www.shindengen.co.jp/product/semi/datasheet/J534_S15VT60,80.pdf"
S20VT60,http://www.shindengen.co.jp/product_e/semi/list_detail_NEW.php?category_id=01&sub_id=03&product_id=S20VT60&id=95,"http://www.shindengen.co.jp/product/semi/datasheet/J534_S20VT60,80.pdf"
S20VT80,http://www.shindengen.co.jp/product_e/semi/list_detail_NEW.php?category_id=01&sub_id=03&product_id=S20VT80&id=96,"http://www.shindengen.co.jp/product/semi/datasheet/J534_S20VT60,80.pdf"
S30VT60,http://www.shindengen.co.jp/product_e/semi/list_detail_NEW.php?category_id=01&sub_id=03&product_id=S30VT60&id=97,"http://www.shindengen.co.jp/product/semi/datasheet/J534_S30VT60,80.pdf"
S30VT80,http://www.shindengen.co.jp/product_e/semi/list_detail_NEW.php?category_id=01&sub_id=03&product_id=S30VT80&id=98,"http://www.shindengen.co.jp/product/semi/datasheet/J534_S30VT60,80.pdf"
S10VTA60,http://www.shindengen.co.jp/product_e/semi/list_detail_NEW.php?category_id=01&sub_id=03&product_id=S10VTA60&id=99,"http://www.shindengen.co.jp/product/semi/datasheet/J534_S10VTA60,80.pdf"
S10VTA80,http://www.shindengen.co.jp/product_e/semi/list_detail_NEW.php?category_id=01&sub_id=03&product_id=S10VTA80&id=100,"http://www.shindengen.co.jp/product/semi/datasheet/J534_S10VTA60,80.pdf"
S15VTA60,http://www.shindengen.co.jp/product_e/semi/list_detail_NEW.php?category_id=01&sub_id=03&product_id=S15VTA60&id=101,"http://www.shindengen.co.jp/product/semi/datasheet/J534_S15VTA60,80.pdf"
S15VTA80,http://www.shindengen.co.jp/product_e/semi/list_detail_NEW.php?category_id=01&sub_id=03&product_id=S15VTA80&id=102,"http://www.shindengen.co.jp/product/semi/datasheet/J534_S15VTA60,80.pdf"
S20VTA60,http://www.shindengen.co.jp/product_e/semi/list_detail_NEW.php?category_id=01&sub_id=03&product_id=S20VTA60&id=103,"http://www.shindengen.co.jp/product/semi/datasheet/J534_S20VTA60,80.pdf"
S20VTA80,http://www.shindengen.co.jp/product_e/semi/list_detail_NEW.php?category_id=01&sub_id=03&product_id=S20VTA80&id=104,"http://www.shindengen.co.jp/product/semi/datasheet/J534_S20VTA60,80.pdf"
S30VTA60,http://www.shindengen.co.jp/product_e/semi/list_detail_NEW.php?category_id=01&sub_id=03&product_id=S30VTA60&id=105,"http://www.shindengen.co.jp/product/semi/datasheet/J534_S30VTA60,80.pdf"
S30VTA80,http://www.shindengen.co.jp/product_e/semi/list_detail_NEW.php?category_id=01&sub_id=03&product_id=S30VTA80&id=106,"http://www.shindengen.co.jp/product/semi/datasheet/J534_S30VTA60,80.pdf"
S30VTA160,http://www.shindengen.co.jp/product_e/semi/list_detail_NEW.php?category_id=01&sub_id=03&product_id=S30VTA160&id=107,http://www.shindengen.co.jp/product/semi/datasheet/J534_S30VTA160.pdf
D30XT80,http://www.shindengen.co.jp/product_e/semi/list_detail_NEW.php?category_id=01&sub_id=03&product_id=D30XT80&id=108,http://www.shindengen.co.jp/product/semi/datasheet/J534_D30XT80.pdf
D45XT80,http://www.shindengen.co.jp/product_e/semi/list_detail_NEW.php?category_id=01&sub_id=03&product_id=D45XT80&id=109,http://www.shindengen.co.jp/product/semi/datasheet/J534_D45XT80.pdf
D45XT160,http://www.shindengen.co.jp/product_e/semi/list_detail_NEW.php?category_id=01&sub_id=03&product_id=D45XT160&id=110,http://www.shindengen.co.jp/product/semi/datasheet/J534_D45XT160.pdf
D50JCB80V,http://www.shindengen.co.jp/product_e/semi/list_detail_NEW.php?category_id=01&sub_id=03&product_id=D50JCB80V&id=111,http://www.shindengen.co.jp/product/semi/datasheet/J534_D50JCB80V.pdf
D45JCT120V,http://www.shindengen.co.jp/product_e/semi/list_detail_NEW.php?category_id=01&sub_id=03&product_id=D45JCT120V&id=112,http://www.shindengen.co.jp/product/semi/datasheet/J534_D45JCT120V.pdf
D30JCT120V,http://www.shindengen.co.jp/product_e/semi/list_detail_NEW.php?category_id=01&sub_id=03&product_id=D30JCT120V&id=113,http://www.shindengen.co.jp/product/semi/datasheet/J534_D30JCT120V.pdf
S30VT160,http://www.shindengen.co.jp/product_e/semi/list_detail_NEW.php?category_id=01&sub_id=03&product_id=S30VT160&id=114,http://www.shindengen.co.jp/product/semi/datasheet/J534_S30VT160.pdf
D45JCT160V,http://www.shindengen.co.jp/product_e/semi/list_detail_NEW.php?category_id=01&sub_id=03&product_id=D45JCT160V&id=115,http://www.shindengen.co.jp/product/semi/datasheet/J534_D45JCT160V.pdf
D75JFT80V,http://www.shindengen.co.jp/product_e/semi/list_detail_NEW.php?category_id=01&sub_id=03&product_id=D75JFT80V&id=116,http://www.shindengen.co.jp/product/semi/datasheet/J534_D75JFT80V.pdf
S2WB(A)80,http://www.shindengen.co.jp/product_e/semi/list_detail_NEW.php?category_id=01&sub_id=03&product_id=S2WB(A)80&id=117,
S2WB(A)80,http://www.shindengen.co.jp/product_e/semi/list_detail_NEW.php?category_id=01&sub_id=03&product_id=S2WB(A)80&id=118,
D100JHT80V,http://www.shindengen.co.jp/product_e/semi/list_detail_NEW.php?category_id=01&sub_id=03&product_id=D100JHT80V&id=119,http://www.shindengen.co.jp/product/semi/datasheet/D100JHT80V_Datasheet.pdf
D100JHT120V,http://www.shindengen.co.jp/product_e/semi/list_detail_NEW.php?category_id=01&sub_id=03&product_id=D100JHT120V&id=120,http://www.shindengen.co.jp/product/semi/datasheet/D100JHT120V Datasheet.pdf
